# Every Visual FoxPro base class, as the product itself answers about it: what an object of
# it holds, and what it answers to. Read by crates/foxvm/src/base_classes.rs.
#
# Generated by `node scripts/gen-base-classes.mjs`; the measurement it comes from is
# tests/reference/vfp-base-classes.tsv. A property with type "-" is one whose value is not a
# constant, so it is a member with nothing stored behind it, and readonly is the error the
# product raises for one it refuses to have written to.
class	kind	name	type	default	readonly
Form	class				
Form	property	AllowOutput	L	.T.	
Form	property	AlwaysOnBottom	L	.F.	
Form	property	AlwaysOnTop	L	.F.	
Form	property	AutoCenter	L	.F.	
Form	property	BackColor	N	15790320	
Form	property	BaseClass	C	Form	1743
Form	property	BindControls	L	.T.	
Form	property	BorderStyle	N	3	
Form	property	BufferMode	N	0	
Form	property	Caption	C	Form	
Form	property	Class	C	Form	1743
Form	property	ClassLibrary	C		1743
Form	property	ClipControls	L	.T.	
Form	property	Closable	L	.T.	
Form	property	ColorSource	N	4	
Form	property	Comment	C		
Form	property	ContinuousScroll	L	.T.	
Form	property	ControlBox	L	.T.	
Form	property	ControlCount	N	0	1743
Form	property	CURRENTX	N	0	
Form	property	CURRENTY	N	0	
Form	property	DataSession	N	1	1743
Form	property	DataSessionID	N	1	
Form	property	DEClass	C		1743
Form	property	DEClassLibrary	C		1743
Form	property	DefOLELCID	N	0	
Form	property	Desktop	L	.F.	1743
Form	property	Dockable	N	0	
Form	property	Docked	L	.F.	1743
Form	property	DockPosition	N	-1	1743
Form	property	DrawMode	N	13	
Form	property	DrawStyle	N	0	
Form	property	DrawWidth	N	1	
Form	property	Enabled	L	.T.	
Form	property	FillColor	N	0	
Form	property	FillStyle	N	1	
Form	property	FontBold	L	.F.	
Form	property	FontCharSet	N	1	
Form	property	FONTCONDENSE	L	.F.	
Form	property	FONTEXTEND	L	.F.	
Form	property	FontItalic	L	.F.	
Form	property	FontName	C	Arial	
Form	property	FontOutline	L	.F.	
Form	property	FontShadow	L	.F.	
Form	property	FontSize	N	9	
Form	property	FontStrikethru	L	.F.	
Form	property	FontUnderline	L	.F.	
Form	property	ForeColor	N	0	
Form	property	HalfHeightCaption	L	.F.	
Form	property	Height	N	250	
Form	property	HelpContextID	N	0	
Form	property	HScrollSmallChange	N	10	
Form	property	Icon	C		
Form	property	KeyPreview	L	.F.	
Form	property	Left	N	0	
Form	property	LockScreen	L	.F.	
Form	property	MacDesktop	N	0	
Form	property	MaxButton	L	.T.	
Form	property	MaxHeight	N	-1	
Form	property	MaxLeft	N	-1	
Form	property	MaxTop	N	-1	
Form	property	MaxWidth	N	-1	
Form	property	MDIForm	L	.F.	
Form	property	MinButton	L	.T.	
Form	property	MinHeight	N	-1	
Form	property	MinWidth	N	-1	
Form	property	MouseIcon	C		
Form	property	MousePointer	N	0	
Form	property	Movable	L	.T.	
Form	property	Name	C	Form	
Form	property	OLEDragMode	N	0	
Form	property	OLEDragPicture	C		
Form	property	OLEDropEffects	N	3	
Form	property	OLEDropHasData	N	-1	
Form	property	OLEDropMode	N	0	
Form	property	ParentClass	C		1743
Form	property	Picture	C		
Form	property	ReleaseType	N	0	1743
Form	property	RightToLeft	L	.F.	
Form	property	ScaleMode	N	3	
Form	property	ScrollBars	N	0	
Form	property	ShowInTaskbar	L	.T.	1743
Form	property	ShowTips	L	.F.	
Form	property	ShowWindow	N	0	1743
Form	property	SizeBox	L	.F.	
Form	property	TabIndex	N	0	
Form	property	TabStop	L	.T.	
Form	property	Tag	C		
Form	property	Themes	L	.T.	
Form	property	TitleBar	N	1	
Form	property	Top	N	0	
Form	property	ViewPortHeight	N	250	1743
Form	property	ViewPortLeft	N	0	1743
Form	property	ViewPortTop	N	0	1743
Form	property	ViewPortWidth	N	375	1743
Form	property	Visible	L	.F.	
Form	property	VScrollSmallChange	N	10	
Form	property	WhatsThisButton	L	.F.	1743
Form	property	WhatsThisHelp	L	.F.	1743
Form	property	WhatsThisHelpID	N	-1	
Form	property	Width	N	375	
Form	property	WindowState	N	0	
Form	property	WindowType	N	0	
Form	property	ZoomBox	L	.F.	
Form	property	ActiveControl	-		
Form	property	ActiveForm	-		
Form	property	Application	-		
Form	property	Controls	-		
Form	property	hWnd	-		1743
Form	property	Objects	-		
Form	property	Parent	-		
Form	event	Activate			
Form	event	AfterDock			
Form	event	BeforeDock			
Form	event	Click			
Form	event	DblClick			
Form	event	Deactivate			
Form	event	Destroy			
Form	event	DragDrop			
Form	event	DragOver			
Form	event	Error			
Form	event	GotFocus			
Form	event	Init			
Form	event	KeyPress			
Form	event	Load			
Form	event	LostFocus			
Form	event	MiddleClick			
Form	event	MouseDown			
Form	event	MouseMove			
Form	event	MouseUp			
Form	event	MouseWheel			
Form	event	Moved			
Form	event	OLECompleteDrag			
Form	event	OLEDragDrop			
Form	event	OLEDragOver			
Form	event	OLEGiveFeedback			
Form	event	OLESetData			
Form	event	OLEStartDrag			
Form	event	Paint			
Form	event	QueryUnload			
Form	event	Resize			
Form	event	RightClick			
Form	event	Scrolled			
Form	event	UnDock			
Form	event	Unload			
Form	method	AddObject			
Form	method	AddProperty			
Form	method	Box			
Form	method	Circle			
Form	method	Cls			
Form	method	Dock			
Form	method	Draw			
Form	method	GetDockState			
Form	method	Hide			
Form	method	Line			
Form	method	Move			
Form	method	NEWOBJECT			
Form	method	OLEDrag			
Form	method	Point			
Form	method	Print			
Form	method	PSet			
Form	method	ReadExpression			
Form	method	ReadMethod			
Form	method	Refresh			
Form	method	Release			
Form	method	RemoveObject			
Form	method	ResetToDefault			
Form	method	SaveAs			
Form	method	SaveAsClass			
Form	method	SetAll			
Form	method	SetViewPort			
Form	method	Show			
Form	method	ShowWhatsThis			
Form	method	TextHeight			
Form	method	TextWidth			
Form	method	WhatsThisMode			
Form	method	WriteExpression			
Form	method	WriteMethod			
Form	method	ZOrder			
Label	class				
Label	property	Alignment	N	0	
Label	property	Anchor	N	0	
Label	property	AutoSize	L	.F.	
Label	property	BackColor	N	16777215	
Label	property	BackStyle	N	1	
Label	property	BaseClass	C	Label	1743
Label	property	BorderStyle	N	0	
Label	property	Caption	C	Label	
Label	property	Class	C	Label	1743
Label	property	ClassLibrary	C		1743
Label	property	ColorScheme	N	1	
Label	property	ColorSource	N	4	
Label	property	Comment	C		
Label	property	DisabledBackColor	N	16777215	
Label	property	DisabledForeColor	N	7171437	
Label	property	DragIcon	C		
Label	property	DragMode	N	0	
Label	property	Enabled	L	.T.	
Label	property	FontBold	L	.F.	
Label	property	FontCharSet	N	1	
Label	property	FONTCONDENSE	L	.F.	
Label	property	FONTEXTEND	L	.F.	
Label	property	FontItalic	L	.F.	
Label	property	FontName	C	Arial	
Label	property	FontOutline	L	.F.	
Label	property	FontShadow	L	.F.	
Label	property	FontSize	N	9	
Label	property	FontStrikethru	L	.F.	
Label	property	FontUnderline	L	.F.	
Label	property	ForeColor	N	0	
Label	property	Height	N	17	
Label	property	HelpContextID	N	0	
Label	property	Left	N	0	
Label	property	MouseIcon	C		
Label	property	MousePointer	N	0	
Label	property	Name	C	Label	
Label	property	OLEDragMode	N	0	
Label	property	OLEDragPicture	C		
Label	property	OLEDropEffects	N	3	
Label	property	OLEDropHasData	N	-1	
Label	property	OLEDropMode	N	0	
Label	property	ParentClass	C		1743
Label	property	RightToLeft	L	.F.	
Label	property	Rotation	N	0	
Label	property	StatusBarText	C		
Label	property	Style	N	0	
Label	property	TabIndex	N	0	
Label	property	Tag	C		
Label	property	ToolTipText	C		
Label	property	Top	N	0	
Label	property	Visible	L	.T.	
Label	property	WhatsThisHelpID	N	-1	
Label	property	Width	N	100	
Label	property	WordWrap	L	.F.	
Label	property	Application	-		
Label	property	Parent	-		
Label	event	Click			
Label	event	DblClick			
Label	event	Destroy			
Label	event	DragDrop			
Label	event	DragOver			
Label	event	Error			
Label	event	Init			
Label	event	MiddleClick			
Label	event	MouseDown			
Label	event	MouseEnter			
Label	event	MouseLeave			
Label	event	MouseMove			
Label	event	MouseUp			
Label	event	MouseWheel			
Label	event	OLECompleteDrag			
Label	event	OLEDragDrop			
Label	event	OLEDragOver			
Label	event	OLEGiveFeedback			
Label	event	OLESetData			
Label	event	OLEStartDrag			
Label	event	RightClick			
Label	event	UIEnable			
Label	method	AddProperty			
Label	method	Drag			
Label	method	Move			
Label	method	OLEDrag			
Label	method	ReadExpression			
Label	method	ReadMethod			
Label	method	Refresh			
Label	method	ResetToDefault			
Label	method	SaveAsClass			
Label	method	ShowWhatsThis			
Label	method	WriteExpression			
Label	method	WriteMethod			
Label	method	ZOrder			
TextBox	class				
TextBox	property	Alignment	N	3	
TextBox	property	Anchor	N	0	
TextBox	property	AutoComplete	N	0	
TextBox	property	AutoCompSource	C		
TextBox	property	AutoCompTable	C		
TextBox	property	BackColor	N	16777215	
TextBox	property	BackStyle	N	1	
TextBox	property	BaseClass	C	Textbox	1743
TextBox	property	BorderColor	N	6579300	
TextBox	property	BorderStyle	N	1	
TextBox	property	Century	N	1	
TextBox	property	Class	C	Textbox	1743
TextBox	property	ClassLibrary	C		1743
TextBox	property	ColorScheme	N	1	
TextBox	property	ColorSource	N	4	
TextBox	property	Comment	C		
TextBox	property	ControlSource	C		
TextBox	property	DateFormat	N	0	
TextBox	property	DateMark	C		
TextBox	property	DisabledBackColor	N	16777215	
TextBox	property	DisabledForeColor	N	7171437	
TextBox	property	DragIcon	C		
TextBox	property	DragMode	N	0	
TextBox	property	Enabled	L	.T.	
TextBox	property	EnableHyperlinks	L	.F.	
TextBox	property	FontBold	L	.F.	
TextBox	property	FontCharSet	N	1	
TextBox	property	FONTCONDENSE	L	.F.	
TextBox	property	FONTEXTEND	L	.F.	
TextBox	property	FontItalic	L	.F.	
TextBox	property	FontName	C	Arial	
TextBox	property	FontOutline	L	.F.	
TextBox	property	FontShadow	L	.F.	
TextBox	property	FontSize	N	9	
TextBox	property	FontStrikethru	L	.F.	
TextBox	property	FontUnderline	L	.F.	
TextBox	property	ForeColor	N	0	
TextBox	property	Format	C		
TextBox	property	Height	N	21	
TextBox	property	HelpContextID	N	0	
TextBox	property	HideSelection	L	.T.	
TextBox	property	Hours	N	0	
TextBox	property	IMEMode	N	0	
TextBox	property	InputMask	C		
TextBox	property	IntegralHeight	L	.F.	
TextBox	property	Left	N	0	
TextBox	property	Margin	N	2	
TextBox	property	MaxLength	N	0	
TextBox	property	MemoWindow	C		
TextBox	property	MouseIcon	C		
TextBox	property	MousePointer	N	0	
TextBox	property	Name	C	Text	
TextBox	property	NullDisplay	C		
TextBox	property	OLEDragMode	N	0	
TextBox	property	OLEDragPicture	C		
TextBox	property	OLEDropEffects	N	3	
TextBox	property	OLEDropHasData	N	-1	
TextBox	property	OLEDropMode	N	0	
TextBox	property	OLEDropTextInsertion	N	0	
TextBox	property	OpenWindow	L	.F.	
TextBox	property	ParentClass	C		1743
TextBox	property	PasswordChar	C		
TextBox	property	ReadOnly	L	.F.	
TextBox	property	RightToLeft	L	.F.	
TextBox	property	Seconds	N	2	
TextBox	property	SelectedBackColor	N	13924352	
TextBox	property	SelectedForeColor	N	16777215	
TextBox	property	SelectOnEntry	L	.F.	
TextBox	property	SelLength	N	0	
TextBox	property	SelStart	N	0	
TextBox	property	SelText	C		
TextBox	property	SpecialEffect	N	0	
TextBox	property	StatusBarText	C		
TextBox	property	StrictDateEntry	N	1	
TextBox	property	Style	N	0	
TextBox	property	TabIndex	N	0	
TextBox	property	TabStop	L	.T.	
TextBox	property	Tag	C		
TextBox	property	TerminateRead	L	.F.	
TextBox	property	Text	C	                 	1743
TextBox	property	Themes	L	.T.	
TextBox	property	ToolTipText	C		
TextBox	property	Top	N	0	
TextBox	property	Value	C		
TextBox	property	Visible	L	.T.	
TextBox	property	WhatsThisHelpID	N	-1	
TextBox	property	Width	N	100	
TextBox	property	Application	-		
TextBox	property	Parent	-		
TextBox	event	Click			
TextBox	event	DblClick			
TextBox	event	Destroy			
TextBox	event	DragDrop			
TextBox	event	DragOver			
TextBox	event	Error			
TextBox	event	ErrorMessage			
TextBox	event	GotFocus			
TextBox	event	Init			
TextBox	event	InteractiveChange			
TextBox	event	KeyPress			
TextBox	event	LostFocus			
TextBox	event	Message			
TextBox	event	MiddleClick			
TextBox	event	MouseDown			
TextBox	event	MouseEnter			
TextBox	event	MouseLeave			
TextBox	event	MouseMove			
TextBox	event	MouseUp			
TextBox	event	MouseWheel			
TextBox	event	OLECompleteDrag			
TextBox	event	OLEDragDrop			
TextBox	event	OLEDragOver			
TextBox	event	OLEGiveFeedback			
TextBox	event	OLESetData			
TextBox	event	OLEStartDrag			
TextBox	event	ProgrammaticChange			
TextBox	event	RangeHigh			
TextBox	event	RangeLow			
TextBox	event	RightClick			
TextBox	event	UIEnable			
TextBox	event	Valid			
TextBox	event	When			
TextBox	method	AddProperty			
TextBox	method	Drag			
TextBox	method	Move			
TextBox	method	OLEDrag			
TextBox	method	ReadExpression			
TextBox	method	ReadMethod			
TextBox	method	Refresh			
TextBox	method	ResetToDefault			
TextBox	method	SaveAsClass			
TextBox	method	SetFocus			
TextBox	method	ShowWhatsThis			
TextBox	method	WriteExpression			
TextBox	method	WriteMethod			
TextBox	method	ZOrder			
EditBox	class				
EditBox	property	AddLineFeeds	L	.T.	
EditBox	property	Alignment	N	0	
EditBox	property	AllowTabs	L	.F.	
EditBox	property	Anchor	N	0	
EditBox	property	BackColor	N	16777215	
EditBox	property	BackStyle	N	1	
EditBox	property	BaseClass	C	Editbox	1743
EditBox	property	BorderColor	N	6579300	
EditBox	property	BorderStyle	N	1	
EditBox	property	Class	C	Editbox	1743
EditBox	property	ClassLibrary	C		1743
EditBox	property	ColorScheme	N	2	
EditBox	property	ColorSource	N	4	
EditBox	property	Comment	C		
EditBox	property	ControlSource	C		
EditBox	property	DisabledBackColor	N	16777215	
EditBox	property	DisabledForeColor	N	7171437	
EditBox	property	DragIcon	C		
EditBox	property	DragMode	N	0	
EditBox	property	Enabled	L	.T.	
EditBox	property	EnableHyperlinks	L	.F.	
EditBox	property	FontBold	L	.F.	
EditBox	property	FontCharSet	N	1	
EditBox	property	FONTCONDENSE	L	.F.	
EditBox	property	FONTEXTEND	L	.F.	
EditBox	property	FontItalic	L	.F.	
EditBox	property	FontName	C	Arial	
EditBox	property	FontOutline	L	.F.	
EditBox	property	FontShadow	L	.F.	
EditBox	property	FontSize	N	9	
EditBox	property	FontStrikethru	L	.F.	
EditBox	property	FontUnderline	L	.F.	
EditBox	property	ForeColor	N	0	
EditBox	property	Format	C		
EditBox	property	Height	N	75	
EditBox	property	HelpContextID	N	0	
EditBox	property	HideSelection	L	.T.	
EditBox	property	IMEMode	N	0	
EditBox	property	IntegralHeight	L	.F.	
EditBox	property	Left	N	0	
EditBox	property	Margin	N	2	
EditBox	property	MaxLength	N	0	
EditBox	property	MouseIcon	C		
EditBox	property	MousePointer	N	0	
EditBox	property	Name	C	Edit	
EditBox	property	NullDisplay	C		
EditBox	property	OLEDragMode	N	0	
EditBox	property	OLEDragPicture	C		
EditBox	property	OLEDropEffects	N	3	
EditBox	property	OLEDropHasData	N	-1	
EditBox	property	OLEDropMode	N	0	
EditBox	property	OLEDropTextInsertion	N	0	
EditBox	property	ParentClass	C		1743
EditBox	property	PasswordChar	C		
EditBox	property	ReadOnly	L	.F.	
EditBox	property	RightToLeft	L	.F.	
EditBox	property	ScrollBars	N	2	
EditBox	property	SelectedBackColor	N	13924352	
EditBox	property	SelectedForeColor	N	16777215	
EditBox	property	SelectOnEntry	L	.F.	
EditBox	property	SelLength	N	0	
EditBox	property	SelStart	N	0	
EditBox	property	SelText	C		
EditBox	property	SpecialEffect	N	0	
EditBox	property	StatusBarText	C		
EditBox	property	TabIndex	N	0	
EditBox	property	TabStop	L	.T.	
EditBox	property	Tag	C		
EditBox	property	TerminateRead	L	.F.	
EditBox	property	Text	C		1743
EditBox	property	Themes	L	.T.	
EditBox	property	ToolTipText	C		
EditBox	property	Top	N	0	
EditBox	property	Value	C		
EditBox	property	Visible	L	.T.	
EditBox	property	WhatsThisHelpID	N	-1	
EditBox	property	Width	N	100	
EditBox	property	Application	-		
EditBox	property	Parent	-		
EditBox	event	Click			
EditBox	event	DblClick			
EditBox	event	Destroy			
EditBox	event	DragDrop			
EditBox	event	DragOver			
EditBox	event	Error			
EditBox	event	ErrorMessage			
EditBox	event	GotFocus			
EditBox	event	Init			
EditBox	event	InteractiveChange			
EditBox	event	KeyPress			
EditBox	event	LostFocus			
EditBox	event	Message			
EditBox	event	MiddleClick			
EditBox	event	MouseDown			
EditBox	event	MouseEnter			
EditBox	event	MouseLeave			
EditBox	event	MouseMove			
EditBox	event	MouseUp			
EditBox	event	MouseWheel			
EditBox	event	OLECompleteDrag			
EditBox	event	OLEDragDrop			
EditBox	event	OLEDragOver			
EditBox	event	OLEGiveFeedback			
EditBox	event	OLESetData			
EditBox	event	OLEStartDrag			
EditBox	event	ProgrammaticChange			
EditBox	event	RightClick			
EditBox	event	UIEnable			
EditBox	event	Valid			
EditBox	event	When			
EditBox	method	AddProperty			
EditBox	method	Drag			
EditBox	method	Move			
EditBox	method	OLEDrag			
EditBox	method	ReadExpression			
EditBox	method	ReadMethod			
EditBox	method	Refresh			
EditBox	method	ResetToDefault			
EditBox	method	SaveAsClass			
EditBox	method	SetFocus			
EditBox	method	ShowWhatsThis			
EditBox	method	WriteExpression			
EditBox	method	WriteMethod			
EditBox	method	ZOrder			
CommandButton	class				
CommandButton	property	Alignment	N	2	
CommandButton	property	Anchor	N	0	
CommandButton	property	AutoSize	L	.F.	
CommandButton	property	BackColor	N	15790320	
CommandButton	property	BaseClass	C	Commandbutton	1743
CommandButton	property	Cancel	L	.F.	
CommandButton	property	Caption	C	Command	
CommandButton	property	Class	C	Commandbutton	1743
CommandButton	property	ClassLibrary	C		1743
CommandButton	property	ColorScheme	N	1	
CommandButton	property	ColorSource	N	4	
CommandButton	property	Comment	C		
CommandButton	property	Default	L	.F.	
CommandButton	property	DisabledBackColor	N	15790320	
CommandButton	property	DisabledForeColor	N	7171437	
CommandButton	property	DisabledPicture	C		
CommandButton	property	DownPicture	C		
CommandButton	property	DragIcon	C		
CommandButton	property	DragMode	N	0	
CommandButton	property	Enabled	L	.T.	
CommandButton	property	FontBold	L	.F.	
CommandButton	property	FontCharSet	N	1	
CommandButton	property	FONTCONDENSE	L	.F.	
CommandButton	property	FONTEXTEND	L	.F.	
CommandButton	property	FontItalic	L	.F.	
CommandButton	property	FontName	C	Arial	
CommandButton	property	FontOutline	L	.F.	
CommandButton	property	FontShadow	L	.F.	
CommandButton	property	FontSize	N	9	
CommandButton	property	FontStrikethru	L	.F.	
CommandButton	property	FontUnderline	L	.F.	
CommandButton	property	ForeColor	N	0	
CommandButton	property	Height	N	17	
CommandButton	property	HelpContextID	N	0	
CommandButton	property	Left	N	0	
CommandButton	property	MouseIcon	C		
CommandButton	property	MousePointer	N	0	
CommandButton	property	Name	C	Command	
CommandButton	property	OLEDragMode	N	0	
CommandButton	property	OLEDragPicture	C		
CommandButton	property	OLEDropEffects	N	3	
CommandButton	property	OLEDropHasData	N	-1	
CommandButton	property	OLEDropMode	N	0	
CommandButton	property	ParentClass	C		1743
CommandButton	property	Picture	C		
CommandButton	property	PictureMargin	N	0	
CommandButton	property	PicturePosition	N	13	
CommandButton	property	PictureSpacing	N	0	
CommandButton	property	RightToLeft	L	.F.	
CommandButton	property	SpecialEffect	N	0	
CommandButton	property	StatusBarText	C		
CommandButton	property	Style	N	0	
CommandButton	property	TabIndex	N	0	
CommandButton	property	TabStop	L	.T.	
CommandButton	property	Tag	C		
CommandButton	property	TerminateRead	L	.F.	
CommandButton	property	Themes	L	.T.	
CommandButton	property	ToolTipText	C		
CommandButton	property	Top	N	0	
CommandButton	property	Visible	L	.T.	
CommandButton	property	VisualEffect	N	0	
CommandButton	property	WhatsThisHelpID	N	-1	
CommandButton	property	Width	N	100	
CommandButton	property	WordWrap	L	.F.	
CommandButton	property	Application	-		
CommandButton	property	Parent	-		
CommandButton	event	Click			
CommandButton	event	Destroy			
CommandButton	event	DragDrop			
CommandButton	event	DragOver			
CommandButton	event	Error			
CommandButton	event	ErrorMessage			
CommandButton	event	GotFocus			
CommandButton	event	Init			
CommandButton	event	KeyPress			
CommandButton	event	LostFocus			
CommandButton	event	Message			
CommandButton	event	MiddleClick			
CommandButton	event	MouseDown			
CommandButton	event	MouseEnter			
CommandButton	event	MouseLeave			
CommandButton	event	MouseMove			
CommandButton	event	MouseUp			
CommandButton	event	MouseWheel			
CommandButton	event	OLECompleteDrag			
CommandButton	event	OLEDragDrop			
CommandButton	event	OLEDragOver			
CommandButton	event	OLEGiveFeedback			
CommandButton	event	OLESetData			
CommandButton	event	OLEStartDrag			
CommandButton	event	RightClick			
CommandButton	event	UIEnable			
CommandButton	event	Valid			
CommandButton	event	When			
CommandButton	method	AddProperty			
CommandButton	method	Drag			
CommandButton	method	Move			
CommandButton	method	OLEDrag			
CommandButton	method	ReadExpression			
CommandButton	method	ReadMethod			
CommandButton	method	Refresh			
CommandButton	method	ResetToDefault			
CommandButton	method	SaveAsClass			
CommandButton	method	SetFocus			
CommandButton	method	ShowWhatsThis			
CommandButton	method	WriteExpression			
CommandButton	method	WriteMethod			
CommandButton	method	ZOrder			
CommandGroup	class				
CommandGroup	property	Anchor	N	0	
CommandGroup	property	AutoSize	L	.F.	
CommandGroup	property	BackColor	N	16777215	
CommandGroup	property	BackStyle	N	1	
CommandGroup	property	BaseClass	C	Commandgroup	1743
CommandGroup	property	BorderColor	N	6579300	
CommandGroup	property	BorderStyle	N	1	
CommandGroup	property	ButtonCount	N	0	
CommandGroup	property	Class	C	Commandgroup	1743
CommandGroup	property	ClassLibrary	C		1743
CommandGroup	property	ColorSource	N	4	
CommandGroup	property	Comment	C		
CommandGroup	property	ControlSource	C		
CommandGroup	property	DragIcon	C		
CommandGroup	property	DragMode	N	0	
CommandGroup	property	Enabled	L	.T.	
CommandGroup	property	Height	N	17	
CommandGroup	property	HelpContextID	N	0	
CommandGroup	property	Left	N	0	
CommandGroup	property	MemberClass	C		
CommandGroup	property	MemberClassLibrary	C		
CommandGroup	property	MouseIcon	C		
CommandGroup	property	MousePointer	N	0	
CommandGroup	property	Name	C	Commandgroup	
CommandGroup	property	OLEDragMode	N	0	
CommandGroup	property	OLEDragPicture	C		
CommandGroup	property	OLEDropEffects	N	3	
CommandGroup	property	OLEDropHasData	N	-1	
CommandGroup	property	OLEDropMode	N	0	
CommandGroup	property	ParentClass	C		1743
CommandGroup	property	SpecialEffect	N	0	
CommandGroup	property	StatusBarText	C		
CommandGroup	property	TabIndex	N	0	
CommandGroup	property	Tag	C		
CommandGroup	property	TerminateRead	L	.F.	
CommandGroup	property	Themes	L	.T.	
CommandGroup	property	ToolTipText	C		
CommandGroup	property	Top	N	0	
CommandGroup	property	Value	N	0	
CommandGroup	property	Visible	L	.T.	
CommandGroup	property	WhatsThisHelpID	N	-1	
CommandGroup	property	Width	N	10	
CommandGroup	property	Application	-		
CommandGroup	property	Buttons	-		
CommandGroup	property	Objects	-		
CommandGroup	property	Parent	-		
CommandGroup	event	Click			
CommandGroup	event	DblClick			
CommandGroup	event	Destroy			
CommandGroup	event	DragDrop			
CommandGroup	event	DragOver			
CommandGroup	event	Error			
CommandGroup	event	ErrorMessage			
CommandGroup	event	Init			
CommandGroup	event	InteractiveChange			
CommandGroup	event	Message			
CommandGroup	event	MiddleClick			
CommandGroup	event	MouseDown			
CommandGroup	event	MouseEnter			
CommandGroup	event	MouseLeave			
CommandGroup	event	MouseMove			
CommandGroup	event	MouseUp			
CommandGroup	event	MouseWheel			
CommandGroup	event	OLECompleteDrag			
CommandGroup	event	OLEDragDrop			
CommandGroup	event	OLEDragOver			
CommandGroup	event	OLEGiveFeedback			
CommandGroup	event	OLESetData			
CommandGroup	event	OLEStartDrag			
CommandGroup	event	ProgrammaticChange			
CommandGroup	event	RightClick			
CommandGroup	event	UIEnable			
CommandGroup	event	Valid			
CommandGroup	event	When			
CommandGroup	method	AddObject			
CommandGroup	method	AddProperty			
CommandGroup	method	Drag			
CommandGroup	method	Move			
CommandGroup	method	NEWOBJECT			
CommandGroup	method	OLEDrag			
CommandGroup	method	ReadExpression			
CommandGroup	method	ReadMethod			
CommandGroup	method	Refresh			
CommandGroup	method	RemoveObject			
CommandGroup	method	ResetToDefault			
CommandGroup	method	SaveAsClass			
CommandGroup	method	SetAll			
CommandGroup	method	ShowWhatsThis			
CommandGroup	method	WriteExpression			
CommandGroup	method	WriteMethod			
CommandGroup	method	ZOrder			
CheckBox	class				
CheckBox	property	Alignment	N	0	
CheckBox	property	Anchor	N	0	
CheckBox	property	AutoSize	L	.F.	
CheckBox	property	BackColor	N	16777215	
CheckBox	property	BackStyle	N	1	
CheckBox	property	BaseClass	C	Checkbox	1743
CheckBox	property	Caption	C	Check	
CheckBox	property	Centered	L	.F.	
CheckBox	property	Class	C	Checkbox	1743
CheckBox	property	ClassLibrary	C		1743
CheckBox	property	ColorScheme	N	1	
CheckBox	property	ColorSource	N	4	
CheckBox	property	Comment	C		
CheckBox	property	ControlSource	C		
CheckBox	property	DisabledBackColor	N	16777215	
CheckBox	property	DisabledForeColor	N	7171437	
CheckBox	property	DisabledPicture	C		
CheckBox	property	DownPicture	C		
CheckBox	property	DragIcon	C		
CheckBox	property	DragMode	N	0	
CheckBox	property	Enabled	L	.T.	
CheckBox	property	FontBold	L	.F.	
CheckBox	property	FontCharSet	N	1	
CheckBox	property	FONTCONDENSE	L	.F.	
CheckBox	property	FONTEXTEND	L	.F.	
CheckBox	property	FontItalic	L	.F.	
CheckBox	property	FontName	C	Arial	
CheckBox	property	FontOutline	L	.F.	
CheckBox	property	FontShadow	L	.F.	
CheckBox	property	FontSize	N	9	
CheckBox	property	FontStrikethru	L	.F.	
CheckBox	property	FontUnderline	L	.F.	
CheckBox	property	ForeColor	N	0	
CheckBox	property	Height	N	17	
CheckBox	property	HelpContextID	N	0	
CheckBox	property	Left	N	0	
CheckBox	property	MouseIcon	C		
CheckBox	property	MousePointer	N	0	
CheckBox	property	Name	C	Check	
CheckBox	property	OLEDragMode	N	0	
CheckBox	property	OLEDragPicture	C		
CheckBox	property	OLEDropEffects	N	3	
CheckBox	property	OLEDropHasData	N	-1	
CheckBox	property	OLEDropMode	N	0	
CheckBox	property	ParentClass	C		1743
CheckBox	property	Picture	C		
CheckBox	property	PictureMargin	N	0	
CheckBox	property	PicturePosition	N	13	
CheckBox	property	PictureSpacing	N	0	
CheckBox	property	ReadOnly	L	.F.	
CheckBox	property	RightToLeft	L	.F.	
CheckBox	property	SpecialEffect	N	0	
CheckBox	property	StatusBarText	C		
CheckBox	property	Style	N	0	
CheckBox	property	TabIndex	N	0	
CheckBox	property	TabStop	L	.T.	
CheckBox	property	Tag	C		
CheckBox	property	TerminateRead	L	.F.	
CheckBox	property	Themes	L	.T.	
CheckBox	property	ToolTipText	C		
CheckBox	property	Top	N	0	
CheckBox	property	Value	N	0	
CheckBox	property	Visible	L	.T.	
CheckBox	property	WhatsThisHelpID	N	-1	
CheckBox	property	Width	N	100	
CheckBox	property	WordWrap	L	.F.	
CheckBox	property	Application	-		
CheckBox	property	Parent	-		
CheckBox	event	Click			
CheckBox	event	DblClick			
CheckBox	event	Destroy			
CheckBox	event	DragDrop			
CheckBox	event	DragOver			
CheckBox	event	Error			
CheckBox	event	ErrorMessage			
CheckBox	event	GotFocus			
CheckBox	event	Init			
CheckBox	event	InteractiveChange			
CheckBox	event	KeyPress			
CheckBox	event	LostFocus			
CheckBox	event	Message			
CheckBox	event	MiddleClick			
CheckBox	event	MouseDown			
CheckBox	event	MouseEnter			
CheckBox	event	MouseLeave			
CheckBox	event	MouseMove			
CheckBox	event	MouseUp			
CheckBox	event	MouseWheel			
CheckBox	event	OLECompleteDrag			
CheckBox	event	OLEDragDrop			
CheckBox	event	OLEDragOver			
CheckBox	event	OLEGiveFeedback			
CheckBox	event	OLESetData			
CheckBox	event	OLEStartDrag			
CheckBox	event	ProgrammaticChange			
CheckBox	event	RightClick			
CheckBox	event	UIEnable			
CheckBox	event	Valid			
CheckBox	event	When			
CheckBox	method	AddProperty			
CheckBox	method	Drag			
CheckBox	method	Move			
CheckBox	method	OLEDrag			
CheckBox	method	ReadExpression			
CheckBox	method	ReadMethod			
CheckBox	method	Refresh			
CheckBox	method	ResetToDefault			
CheckBox	method	SaveAsClass			
CheckBox	method	SetFocus			
CheckBox	method	ShowWhatsThis			
CheckBox	method	WriteExpression			
CheckBox	method	WriteMethod			
CheckBox	method	ZOrder			
OptionGroup	class				
OptionGroup	property	Anchor	N	0	
OptionGroup	property	AutoSize	L	.F.	
OptionGroup	property	BackColor	N	16777215	
OptionGroup	property	BackStyle	N	1	
OptionGroup	property	BaseClass	C	Optiongroup	1743
OptionGroup	property	BorderColor	N	6579300	
OptionGroup	property	BorderStyle	N	1	
OptionGroup	property	ButtonCount	N	0	
OptionGroup	property	Class	C	Optiongroup	1743
OptionGroup	property	ClassLibrary	C		1743
OptionGroup	property	ColorSource	N	4	
OptionGroup	property	Comment	C		
OptionGroup	property	ControlSource	C		
OptionGroup	property	DragIcon	C		
OptionGroup	property	DragMode	N	0	
OptionGroup	property	Enabled	L	.T.	
OptionGroup	property	Height	N	15	
OptionGroup	property	HelpContextID	N	0	
OptionGroup	property	Left	N	0	
OptionGroup	property	MemberClass	C		
OptionGroup	property	MemberClassLibrary	C		
OptionGroup	property	MouseIcon	C		
OptionGroup	property	MousePointer	N	0	
OptionGroup	property	Name	C	Optiongroup	
OptionGroup	property	OLEDragMode	N	0	
OptionGroup	property	OLEDragPicture	C		
OptionGroup	property	OLEDropEffects	N	3	
OptionGroup	property	OLEDropHasData	N	-1	
OptionGroup	property	OLEDropMode	N	0	
OptionGroup	property	ParentClass	C		1743
OptionGroup	property	SpecialEffect	N	0	
OptionGroup	property	StatusBarText	C		
OptionGroup	property	TabIndex	N	0	
OptionGroup	property	Tag	C		
OptionGroup	property	TerminateRead	L	.F.	
OptionGroup	property	Themes	L	.T.	
OptionGroup	property	ToolTipText	C		
OptionGroup	property	Top	N	0	
OptionGroup	property	Value	N	0	
OptionGroup	property	Visible	L	.T.	
OptionGroup	property	WhatsThisHelpID	N	-1	
OptionGroup	property	Width	N	10	
OptionGroup	property	Application	-		
OptionGroup	property	Buttons	-		
OptionGroup	property	Objects	-		
OptionGroup	property	Parent	-		
OptionGroup	event	Click			
OptionGroup	event	DblClick			
OptionGroup	event	Destroy			
OptionGroup	event	DragDrop			
OptionGroup	event	DragOver			
OptionGroup	event	Error			
OptionGroup	event	ErrorMessage			
OptionGroup	event	Init			
OptionGroup	event	InteractiveChange			
OptionGroup	event	Message			
OptionGroup	event	MiddleClick			
OptionGroup	event	MouseDown			
OptionGroup	event	MouseEnter			
OptionGroup	event	MouseLeave			
OptionGroup	event	MouseMove			
OptionGroup	event	MouseUp			
OptionGroup	event	MouseWheel			
OptionGroup	event	OLECompleteDrag			
OptionGroup	event	OLEDragDrop			
OptionGroup	event	OLEDragOver			
OptionGroup	event	OLEGiveFeedback			
OptionGroup	event	OLESetData			
OptionGroup	event	OLEStartDrag			
OptionGroup	event	ProgrammaticChange			
OptionGroup	event	RightClick			
OptionGroup	event	UIEnable			
OptionGroup	event	Valid			
OptionGroup	event	When			
OptionGroup	method	AddObject			
OptionGroup	method	AddProperty			
OptionGroup	method	Drag			
OptionGroup	method	Move			
OptionGroup	method	NEWOBJECT			
OptionGroup	method	OLEDrag			
OptionGroup	method	ReadExpression			
OptionGroup	method	ReadMethod			
OptionGroup	method	Refresh			
OptionGroup	method	RemoveObject			
OptionGroup	method	ResetToDefault			
OptionGroup	method	SaveAsClass			
OptionGroup	method	SetAll			
OptionGroup	method	ShowWhatsThis			
OptionGroup	method	WriteExpression			
OptionGroup	method	WriteMethod			
OptionGroup	method	ZOrder			
OptionButton	class				
OptionButton	property	Alignment	N	0	
OptionButton	property	Anchor	N	0	
OptionButton	property	AutoSize	L	.F.	
OptionButton	property	BackColor	N	16777215	
OptionButton	property	BackStyle	N	1	
OptionButton	property	BaseClass	C	Optionbutton	1743
OptionButton	property	Caption	C	Option	
OptionButton	property	Class	C	Optionbutton	1743
OptionButton	property	ClassLibrary	C		1743
OptionButton	property	ColorScheme	N	1	
OptionButton	property	ColorSource	N	4	
OptionButton	property	Comment	C		
OptionButton	property	ControlSource	C		
OptionButton	property	DisabledBackColor	N	16777215	
OptionButton	property	DisabledForeColor	N	7171437	
OptionButton	property	DisabledPicture	C		
OptionButton	property	DownPicture	C		
OptionButton	property	DragIcon	C		
OptionButton	property	DragMode	N	0	
OptionButton	property	Enabled	L	.T.	
OptionButton	property	FontBold	L	.F.	
OptionButton	property	FontCharSet	N	1	
OptionButton	property	FONTCONDENSE	L	.F.	
OptionButton	property	FONTEXTEND	L	.F.	
OptionButton	property	FontItalic	L	.F.	
OptionButton	property	FontName	C	Arial	
OptionButton	property	FontOutline	L	.F.	
OptionButton	property	FontShadow	L	.F.	
OptionButton	property	FontSize	N	9	
OptionButton	property	FontStrikethru	L	.F.	
OptionButton	property	FontUnderline	L	.F.	
OptionButton	property	ForeColor	N	0	
OptionButton	property	Height	N	16	
OptionButton	property	HelpContextID	N	0	
OptionButton	property	Left	N	0	
OptionButton	property	MouseIcon	C		
OptionButton	property	MousePointer	N	0	
OptionButton	property	Name	C	Option	
OptionButton	property	OLEDragMode	N	0	
OptionButton	property	OLEDragPicture	C		
OptionButton	property	OLEDropEffects	N	3	
OptionButton	property	OLEDropHasData	N	-1	
OptionButton	property	OLEDropMode	N	0	
OptionButton	property	ParentClass	C		1743
OptionButton	property	Picture	C		
OptionButton	property	PictureMargin	N	0	
OptionButton	property	PicturePosition	N	13	
OptionButton	property	PictureSpacing	N	0	
OptionButton	property	RightToLeft	L	.F.	
OptionButton	property	SpecialEffect	N	0	
OptionButton	property	StatusBarText	C		
OptionButton	property	Style	N	0	
OptionButton	property	TabIndex	N	0	
OptionButton	property	TabStop	L	.T.	
OptionButton	property	Tag	C		
OptionButton	property	TerminateRead	L	.F.	
OptionButton	property	Themes	L	.T.	
OptionButton	property	ToolTipText	C		
OptionButton	property	Top	N	0	
OptionButton	property	Value	N	0	
OptionButton	property	Visible	L	.T.	
OptionButton	property	WhatsThisHelpID	N	-1	
OptionButton	property	Width	N	10	
OptionButton	property	WordWrap	L	.F.	
OptionButton	property	Application	-		
OptionButton	property	Parent	-		
OptionButton	event	Click			
OptionButton	event	DblClick			
OptionButton	event	Destroy			
OptionButton	event	DragDrop			
OptionButton	event	DragOver			
OptionButton	event	Error			
OptionButton	event	ErrorMessage			
OptionButton	event	GotFocus			
OptionButton	event	Init			
OptionButton	event	KeyPress			
OptionButton	event	LostFocus			
OptionButton	event	Message			
OptionButton	event	MiddleClick			
OptionButton	event	MouseDown			
OptionButton	event	MouseEnter			
OptionButton	event	MouseLeave			
OptionButton	event	MouseMove			
OptionButton	event	MouseUp			
OptionButton	event	MouseWheel			
OptionButton	event	OLECompleteDrag			
OptionButton	event	OLEDragDrop			
OptionButton	event	OLEDragOver			
OptionButton	event	OLEGiveFeedback			
OptionButton	event	OLESetData			
OptionButton	event	OLEStartDrag			
OptionButton	event	RightClick			
OptionButton	event	UIEnable			
OptionButton	event	Valid			
OptionButton	event	When			
OptionButton	method	AddProperty			
OptionButton	method	Drag			
OptionButton	method	Move			
OptionButton	method	OLEDrag			
OptionButton	method	ReadExpression			
OptionButton	method	ReadMethod			
OptionButton	method	Refresh			
OptionButton	method	ResetToDefault			
OptionButton	method	SaveAsClass			
OptionButton	method	SetFocus			
OptionButton	method	ShowWhatsThis			
OptionButton	method	WriteExpression			
OptionButton	method	WriteMethod			
OptionButton	method	ZOrder			
ComboBox	class				
ComboBox	property	Alignment	N	0	
ComboBox	property	Anchor	N	0	
ComboBox	property	BackColor	N	16777215	
ComboBox	property	BaseClass	C	Combobox	1743
ComboBox	property	BorderColor	N	6579300	
ComboBox	property	BorderStyle	N	1	
ComboBox	property	BoundColumn	N	1	
ComboBox	property	BoundTo	L	.F.	
ComboBox	property	Class	C	Combobox	1743
ComboBox	property	ClassLibrary	C		1743
ComboBox	property	ColorScheme	N	2	
ComboBox	property	ColorSource	N	4	
ComboBox	property	ColumnCount	N	0	
ComboBox	property	ColumnLines	L	.T.	
ComboBox	property	ColumnWidths	C		
ComboBox	property	Comment	C		
ComboBox	property	ControlSource	C		
ComboBox	property	DisabledBackColor	N	16777215	
ComboBox	property	DisabledForeColor	N	7171437	
ComboBox	property	DISABLEDITEMBACKCOLOR	N	16777215	
ComboBox	property	DISABLEDITEMFORECOLOR	N	7171437	
ComboBox	property	DisplayCount	N	0	
ComboBox	property	DisplayValue	C		
ComboBox	property	DragIcon	C		
ComboBox	property	DragMode	N	0	
ComboBox	property	Enabled	L	.T.	
ComboBox	property	FirstElement	N	1	
ComboBox	property	FontBold	L	.F.	
ComboBox	property	FontCharSet	N	1	
ComboBox	property	FONTCONDENSE	L	.F.	
ComboBox	property	FONTEXTEND	L	.F.	
ComboBox	property	FontItalic	L	.F.	
ComboBox	property	FontName	C	Arial	
ComboBox	property	FontOutline	L	.F.	
ComboBox	property	FontShadow	L	.F.	
ComboBox	property	FontSize	N	9	
ComboBox	property	FontStrikethru	L	.F.	
ComboBox	property	FontUnderline	L	.F.	
ComboBox	property	ForeColor	N	0	
ComboBox	property	Format	C		
ComboBox	property	Height	N	24	
ComboBox	property	HelpContextID	N	0	
ComboBox	property	HideSelection	L	.T.	
ComboBox	property	IMEMode	N	0	
ComboBox	property	IncrementalSearch	L	.T.	
ComboBox	property	InputMask	C		
ComboBox	property	ITEMBACKCOLOR	N	16777215	
ComboBox	property	ItemData	N	0	
ComboBox	property	ITEMFORECOLOR	N	0	
ComboBox	property	ItemIDData	N	0	
ComboBox	property	ItemTips	L	.F.	
ComboBox	property	Left	N	0	
ComboBox	property	List	C		
ComboBox	property	ListCount	N	0	1743
ComboBox	property	ListIndex	N	0	
ComboBox	property	ListItem	C		
ComboBox	property	ListItemID	N	0	
ComboBox	property	Margin	N	2	
ComboBox	property	MaxLength	N	0	
ComboBox	property	MouseIcon	C		
ComboBox	property	MousePointer	N	0	
ComboBox	property	Name	C	Combo	
ComboBox	property	NewIndex	N	0	1743
ComboBox	property	NewItemID	N	0	1743
ComboBox	property	NullDisplay	C		
ComboBox	property	NumberOfElements	N	0	
ComboBox	property	OLEDragMode	N	0	
ComboBox	property	OLEDragPicture	C		
ComboBox	property	OLEDropEffects	N	3	
ComboBox	property	OLEDropHasData	N	-1	
ComboBox	property	OLEDropMode	N	0	
ComboBox	property	OLEDropTextInsertion	N	0	
ComboBox	property	ParentClass	C		1743
ComboBox	property	Picture	C		
ComboBox	property	PictureSelectionDisplay	N	0	
ComboBox	property	ReadOnly	L	.F.	
ComboBox	property	RightToLeft	L	.F.	
ComboBox	property	RowSource	C		
ComboBox	property	RowSourceType	N	0	
ComboBox	property	Selected	L	.F.	
ComboBox	property	SelectedBackColor	N	13924352	
ComboBox	property	SelectedForeColor	N	16777215	
ComboBox	property	SelectedID	L	.F.	
ComboBox	property	SelectedItemBackColor	N	13924352	
ComboBox	property	SelectedItemForeColor	N	16777215	
ComboBox	property	SelectOnEntry	L	.F.	
ComboBox	property	SelLength	N	0	
ComboBox	property	SelStart	N	0	
ComboBox	property	SelText	C		
ComboBox	property	Sorted	L	.F.	
ComboBox	property	SpecialEffect	N	0	
ComboBox	property	StatusBarText	C		
ComboBox	property	Style	N	0	
ComboBox	property	TabIndex	N	0	
ComboBox	property	TabStop	L	.T.	
ComboBox	property	Tag	C		
ComboBox	property	TerminateRead	L	.F.	
ComboBox	property	Text	C	              	1743
ComboBox	property	Themes	L	.T.	
ComboBox	property	ToolTipText	C		
ComboBox	property	Top	N	0	
ComboBox	property	TopIndex	N	1	1743
ComboBox	property	TopItemID	N	-1	1743
ComboBox	property	Value	C		
ComboBox	property	Visible	L	.T.	
ComboBox	property	WhatsThisHelpID	N	-1	
ComboBox	property	Width	N	100	
ComboBox	property	Application	-		
ComboBox	property	Parent	-		
ComboBox	event	Click			
ComboBox	event	DblClick			
ComboBox	event	Destroy			
ComboBox	event	DownClick			
ComboBox	event	DragDrop			
ComboBox	event	DragOver			
ComboBox	event	DropDown			
ComboBox	event	Error			
ComboBox	event	ErrorMessage			
ComboBox	event	GotFocus			
ComboBox	event	Init			
ComboBox	event	InteractiveChange			
ComboBox	event	KeyPress			
ComboBox	event	LostFocus			
ComboBox	event	Message			
ComboBox	event	MiddleClick			
ComboBox	event	MouseDown			
ComboBox	event	MouseEnter			
ComboBox	event	MouseLeave			
ComboBox	event	MouseMove			
ComboBox	event	MouseUp			
ComboBox	event	MouseWheel			
ComboBox	event	OLECompleteDrag			
ComboBox	event	OLEDragDrop			
ComboBox	event	OLEDragOver			
ComboBox	event	OLEGiveFeedback			
ComboBox	event	OLESetData			
ComboBox	event	OLEStartDrag			
ComboBox	event	ProgrammaticChange			
ComboBox	event	RangeHigh			
ComboBox	event	RangeLow			
ComboBox	event	RightClick			
ComboBox	event	UIEnable			
ComboBox	event	UpClick			
ComboBox	event	Valid			
ComboBox	event	When			
ComboBox	method	AddItem			
ComboBox	method	AddListItem			
ComboBox	method	AddProperty			
ComboBox	method	Clear			
ComboBox	method	Drag			
ComboBox	method	IndexToItemID			
ComboBox	method	ItemIDToIndex			
ComboBox	method	Move			
ComboBox	method	OLEDrag			
ComboBox	method	ReadExpression			
ComboBox	method	ReadMethod			
ComboBox	method	Refresh			
ComboBox	method	RemoveItem			
ComboBox	method	RemoveListItem			
ComboBox	method	Requery			
ComboBox	method	ResetToDefault			
ComboBox	method	SaveAsClass			
ComboBox	method	SetFocus			
ComboBox	method	ShowWhatsThis			
ComboBox	method	WriteExpression			
ComboBox	method	WriteMethod			
ComboBox	method	ZOrder			
ListBox	class				
ListBox	property	Anchor	N	0	
ListBox	property	AutoHideScrollBar	N	0	
ListBox	property	BaseClass	C	Listbox	1743
ListBox	property	BorderColor	N	6579300	
ListBox	property	BoundColumn	N	1	
ListBox	property	BoundTo	L	.F.	
ListBox	property	Class	C	Listbox	1743
ListBox	property	ClassLibrary	C		1743
ListBox	property	ColorScheme	N	1	
ListBox	property	ColorSource	N	4	
ListBox	property	ColumnCount	N	0	
ListBox	property	ColumnLines	L	.T.	
ListBox	property	ColumnWidths	C		
ListBox	property	Comment	C		
ListBox	property	ControlSource	C		
ListBox	property	DisabledBackColor	N	16777215	
ListBox	property	DisabledForeColor	N	7171437	
ListBox	property	DISABLEDITEMBACKCOLOR	N	16777215	
ListBox	property	DISABLEDITEMFORECOLOR	N	7171437	
ListBox	property	DisplayValue	C		
ListBox	property	DragIcon	C		
ListBox	property	DragMode	N	0	
ListBox	property	Enabled	L	.T.	
ListBox	property	FirstElement	N	1	
ListBox	property	FontBold	L	.F.	
ListBox	property	FontCharSet	N	1	
ListBox	property	FONTCONDENSE	L	.F.	
ListBox	property	FONTEXTEND	L	.F.	
ListBox	property	FontItalic	L	.F.	
ListBox	property	FontName	C	Arial	
ListBox	property	FontOutline	L	.F.	
ListBox	property	FontShadow	L	.F.	
ListBox	property	FontSize	N	9	
ListBox	property	FontStrikethru	L	.F.	
ListBox	property	FontUnderline	L	.F.	
ListBox	property	Height	N	170	
ListBox	property	HelpContextID	N	0	
ListBox	property	IncrementalSearch	L	.T.	
ListBox	property	IntegralHeight	L	.F.	1743
ListBox	property	ITEMBACKCOLOR	N	16777215	
ListBox	property	ItemData	N	0	
ListBox	property	ITEMFORECOLOR	N	0	
ListBox	property	ItemIDData	N	0	
ListBox	property	ItemTips	L	.F.	
ListBox	property	Left	N	0	
ListBox	property	List	C		
ListBox	property	ListCount	N	0	1743
ListBox	property	ListIndex	N	0	
ListBox	property	ListItem	C		
ListBox	property	ListItemID	N	0	
ListBox	property	MouseIcon	C		
ListBox	property	MousePointer	N	0	
ListBox	property	MoverBars	L	.F.	
ListBox	property	MultiSelect	L	.F.	
ListBox	property	Name	C	List	
ListBox	property	NewIndex	N	0	1743
ListBox	property	NewItemID	N	0	1743
ListBox	property	NullDisplay	C		
ListBox	property	NumberOfElements	N	0	
ListBox	property	OLEDragMode	N	0	
ListBox	property	OLEDragPicture	C		
ListBox	property	OLEDropEffects	N	3	
ListBox	property	OLEDropHasData	N	-1	
ListBox	property	OLEDropMode	N	0	
ListBox	property	ParentClass	C		1743
ListBox	property	Picture	C		
ListBox	property	RightToLeft	L	.F.	
ListBox	property	RowSource	C		
ListBox	property	RowSourceType	N	0	
ListBox	property	Selected	L	.F.	
ListBox	property	SelectedID	L	.F.	
ListBox	property	SelectedItemBackColor	N	13924352	
ListBox	property	SelectedItemForeColor	N	16777215	
ListBox	property	Sorted	L	.F.	
ListBox	property	SpecialEffect	N	0	
ListBox	property	StatusBarText	C		
ListBox	property	TabIndex	N	0	
ListBox	property	TabStop	L	.T.	
ListBox	property	Tag	C		
ListBox	property	TerminateRead	L	.F.	
ListBox	property	Themes	L	.T.	
ListBox	property	ToolTipText	C		
ListBox	property	Top	N	0	
ListBox	property	TopIndex	N	1	
ListBox	property	TopItemID	N	-1	
ListBox	property	Value	C		
ListBox	property	Visible	L	.T.	
ListBox	property	WhatsThisHelpID	N	-1	
ListBox	property	Width	N	100	
ListBox	property	Application	-		
ListBox	property	Parent	-		
ListBox	event	Click			
ListBox	event	DblClick			
ListBox	event	Destroy			
ListBox	event	DragDrop			
ListBox	event	DragOver			
ListBox	event	Error			
ListBox	event	ErrorMessage			
ListBox	event	GotFocus			
ListBox	event	Init			
ListBox	event	InteractiveChange			
ListBox	event	KeyPress			
ListBox	event	LostFocus			
ListBox	event	Message			
ListBox	event	MiddleClick			
ListBox	event	MouseDown			
ListBox	event	MouseEnter			
ListBox	event	MouseLeave			
ListBox	event	MouseMove			
ListBox	event	MouseUp			
ListBox	event	MouseWheel			
ListBox	event	OLECompleteDrag			
ListBox	event	OLEDragDrop			
ListBox	event	OLEDragOver			
ListBox	event	OLEGiveFeedback			
ListBox	event	OLESetData			
ListBox	event	OLEStartDrag			
ListBox	event	OnMoveItem			
ListBox	event	ProgrammaticChange			
ListBox	event	RangeHigh			
ListBox	event	RangeLow			
ListBox	event	RightClick			
ListBox	event	UIEnable			
ListBox	event	Valid			
ListBox	event	When			
ListBox	method	AddItem			
ListBox	method	AddListItem			
ListBox	method	AddProperty			
ListBox	method	Clear			
ListBox	method	Drag			
ListBox	method	IndexToItemID			
ListBox	method	ItemIDToIndex			
ListBox	method	Move			
ListBox	method	MoveItem			
ListBox	method	OLEDrag			
ListBox	method	ReadExpression			
ListBox	method	ReadMethod			
ListBox	method	Refresh			
ListBox	method	RemoveItem			
ListBox	method	RemoveListItem			
ListBox	method	Requery			
ListBox	method	ResetToDefault			
ListBox	method	SaveAsClass			
ListBox	method	SetFocus			
ListBox	method	ShowWhatsThis			
ListBox	method	WriteExpression			
ListBox	method	WriteMethod			
ListBox	method	ZOrder			
Spinner	class				
Spinner	property	Alignment	N	1	
Spinner	property	Anchor	N	0	
Spinner	property	BackColor	N	16777215	
Spinner	property	BaseClass	C	Spinner	1743
Spinner	property	BorderColor	N	6579300	
Spinner	property	BorderStyle	N	1	
Spinner	property	Class	C	Spinner	1743
Spinner	property	ClassLibrary	C		1743
Spinner	property	ColorScheme	N	1	
Spinner	property	ColorSource	N	4	
Spinner	property	Comment	C		
Spinner	property	ControlSource	C		
Spinner	property	DisabledBackColor	N	16777215	
Spinner	property	DisabledForeColor	N	7171437	
Spinner	property	DragIcon	C		
Spinner	property	DragMode	N	0	
Spinner	property	Enabled	L	.T.	
Spinner	property	FontBold	L	.F.	
Spinner	property	FontCharSet	N	1	
Spinner	property	FONTCONDENSE	L	.F.	
Spinner	property	FONTEXTEND	L	.F.	
Spinner	property	FontItalic	L	.F.	
Spinner	property	FontName	C	Arial	
Spinner	property	FontOutline	L	.F.	
Spinner	property	FontShadow	L	.F.	
Spinner	property	FontSize	N	9	
Spinner	property	FontStrikethru	L	.F.	
Spinner	property	FontUnderline	L	.F.	
Spinner	property	ForeColor	N	0	
Spinner	property	Format	C		
Spinner	property	Height	N	24	
Spinner	property	HelpContextID	N	0	
Spinner	property	HideSelection	L	.T.	
Spinner	property	Increment	N	1	
Spinner	property	InputMask	C		
Spinner	property	KeyboardHighValue	N	2147483647	
Spinner	property	KeyboardLowValue	N	-2147483647	
Spinner	property	Left	N	0	
Spinner	property	Margin	N	2	
Spinner	property	MouseIcon	C		
Spinner	property	MousePointer	N	0	
Spinner	property	Name	C	Spinner	
Spinner	property	NullDisplay	C		
Spinner	property	OLEDragMode	N	0	
Spinner	property	OLEDragPicture	C		
Spinner	property	OLEDropEffects	N	3	
Spinner	property	OLEDropHasData	N	-1	
Spinner	property	OLEDropMode	N	0	
Spinner	property	OLEDropTextInsertion	N	0	
Spinner	property	ParentClass	C		1743
Spinner	property	ReadOnly	L	.F.	
Spinner	property	RightToLeft	L	.F.	
Spinner	property	SelectedBackColor	N	13924352	
Spinner	property	SelectedForeColor	N	16777215	
Spinner	property	SelectOnEntry	L	.F.	
Spinner	property	SelLength	N	0	
Spinner	property	SelStart	N	0	
Spinner	property	SelText	C		
Spinner	property	SpecialEffect	N	0	
Spinner	property	SpinnerHighValue	N	2147483647	
Spinner	property	SpinnerLowValue	N	-2147483647	
Spinner	property	StatusBarText	C		
Spinner	property	TabIndex	N	0	
Spinner	property	TabStop	L	.T.	
Spinner	property	Tag	C		
Spinner	property	TerminateRead	L	.F.	
Spinner	property	Text	C	         0	1743
Spinner	property	Themes	L	.T.	
Spinner	property	ToolTipText	C		
Spinner	property	Top	N	0	
Spinner	property	Value	N	0	
Spinner	property	Visible	L	.T.	
Spinner	property	WhatsThisHelpID	N	-1	
Spinner	property	Width	N	100	
Spinner	property	Application	-		
Spinner	property	Parent	-		
Spinner	event	Click			
Spinner	event	DblClick			
Spinner	event	Destroy			
Spinner	event	DownClick			
Spinner	event	DragDrop			
Spinner	event	DragOver			
Spinner	event	Error			
Spinner	event	ErrorMessage			
Spinner	event	GotFocus			
Spinner	event	Init			
Spinner	event	InteractiveChange			
Spinner	event	KeyPress			
Spinner	event	LostFocus			
Spinner	event	Message			
Spinner	event	MiddleClick			
Spinner	event	MouseDown			
Spinner	event	MouseEnter			
Spinner	event	MouseLeave			
Spinner	event	MouseMove			
Spinner	event	MouseUp			
Spinner	event	MouseWheel			
Spinner	event	OLECompleteDrag			
Spinner	event	OLEDragDrop			
Spinner	event	OLEDragOver			
Spinner	event	OLEGiveFeedback			
Spinner	event	OLESetData			
Spinner	event	OLEStartDrag			
Spinner	event	ProgrammaticChange			
Spinner	event	RangeHigh			
Spinner	event	RangeLow			
Spinner	event	RightClick			
Spinner	event	UIEnable			
Spinner	event	UpClick			
Spinner	event	Valid			
Spinner	event	When			
Spinner	method	AddProperty			
Spinner	method	Drag			
Spinner	method	Move			
Spinner	method	OLEDrag			
Spinner	method	ReadExpression			
Spinner	method	ReadMethod			
Spinner	method	Refresh			
Spinner	method	ResetToDefault			
Spinner	method	SaveAsClass			
Spinner	method	SetFocus			
Spinner	method	ShowWhatsThis			
Spinner	method	WriteExpression			
Spinner	method	WriteMethod			
Spinner	method	ZOrder			
Container	class				
Container	property	Anchor	N	0	
Container	property	BackColor	N	15790320	
Container	property	BackStyle	N	1	
Container	property	BaseClass	C	Container	1743
Container	property	BorderColor	N	6579300	
Container	property	BorderWidth	N	1	
Container	property	Class	C	Container	1743
Container	property	ClassLibrary	C		1743
Container	property	ColorSource	N	4	
Container	property	Comment	C		
Container	property	ControlCount	N	0	1743
Container	property	DragIcon	C		
Container	property	DragMode	N	0	
Container	property	Enabled	L	.T.	
Container	property	ForeColor	N	0	
Container	property	Height	N	75	
Container	property	HelpContextID	N	0	
Container	property	Left	N	0	
Container	property	MouseIcon	C		
Container	property	MousePointer	N	0	
Container	property	Name	C	Container	
Container	property	OLEDragMode	N	0	
Container	property	OLEDragPicture	C		
Container	property	OLEDropEffects	N	3	
Container	property	OLEDropHasData	N	-1	
Container	property	OLEDropMode	N	0	
Container	property	ParentClass	C		1743
Container	property	Picture	C		
Container	property	SpecialEffect	N	2	
Container	property	StatusBarText	C		
Container	property	Style	N	0	
Container	property	TabIndex	N	0	
Container	property	TabStop	L	.T.	
Container	property	Tag	C		
Container	property	ToolTipText	C		
Container	property	Top	N	0	
Container	property	Visible	L	.T.	
Container	property	WhatsThisHelpID	N	-1	
Container	property	Width	N	75	
Container	property	ActiveControl	-		
Container	property	Application	-		
Container	property	Controls	-		
Container	property	Objects	-		
Container	property	Parent	-		
Container	event	Click			
Container	event	DblClick			
Container	event	Destroy			
Container	event	DragDrop			
Container	event	DragOver			
Container	event	Error			
Container	event	GotFocus			
Container	event	Init			
Container	event	LostFocus			
Container	event	MiddleClick			
Container	event	MouseDown			
Container	event	MouseEnter			
Container	event	MouseLeave			
Container	event	MouseMove			
Container	event	MouseUp			
Container	event	MouseWheel			
Container	event	Moved			
Container	event	OLECompleteDrag			
Container	event	OLEDragDrop			
Container	event	OLEDragOver			
Container	event	OLEGiveFeedback			
Container	event	OLESetData			
Container	event	OLEStartDrag			
Container	event	Resize			
Container	event	RightClick			
Container	event	UIEnable			
Container	method	AddObject			
Container	method	AddProperty			
Container	method	Drag			
Container	method	Draw			
Container	method	Move			
Container	method	NEWOBJECT			
Container	method	OLEDrag			
Container	method	ReadExpression			
Container	method	ReadMethod			
Container	method	Refresh			
Container	method	RemoveObject			
Container	method	ResetToDefault			
Container	method	SaveAsClass			
Container	method	SetAll			
Container	method	SetFocus			
Container	method	ShowWhatsThis			
Container	method	WriteExpression			
Container	method	WriteMethod			
Container	method	ZOrder			
PageFrame	class				
PageFrame	property	ActivePage	N	1	
PageFrame	property	Anchor	N	0	
PageFrame	property	BaseClass	C	Pageframe	1743
PageFrame	property	BorderColor	N	6579300	1743
PageFrame	property	BorderWidth	N	1	1743
PageFrame	property	Class	C	Pageframe	1743
PageFrame	property	ClassLibrary	C		1743
PageFrame	property	ColorSource	N	4	
PageFrame	property	Comment	C		
PageFrame	property	DragIcon	C		
PageFrame	property	DragMode	N	0	
PageFrame	property	Enabled	L	.T.	
PageFrame	property	Height	N	250	
PageFrame	property	HelpContextID	N	0	
PageFrame	property	Left	N	0	
PageFrame	property	MemberClass	C		
PageFrame	property	MemberClassLibrary	C		
PageFrame	property	MouseIcon	C		
PageFrame	property	MousePointer	N	0	
PageFrame	property	Name	C	Pageframe	
PageFrame	property	OLEDragMode	N	0	
PageFrame	property	OLEDragPicture	C		
PageFrame	property	OLEDropEffects	N	3	
PageFrame	property	OLEDropHasData	N	-1	
PageFrame	property	OLEDropMode	N	0	
PageFrame	property	PageCount	N	0	
PageFrame	property	PageHeight	N	224	1743
PageFrame	property	PageWidth	N	371	1743
PageFrame	property	ParentClass	C		1743
PageFrame	property	RightToLeft	L	.T.	
PageFrame	property	SpecialEffect	N	0	1743
PageFrame	property	StatusBarText	C		
PageFrame	property	TabIndex	N	0	
PageFrame	property	TabOrientation	N	0	
PageFrame	property	Tabs	L	.T.	
PageFrame	property	TabStop	L	.T.	
PageFrame	property	TabStretch	N	1	
PageFrame	property	TabStyle	N	0	
PageFrame	property	Tag	C		
PageFrame	property	Themes	L	.T.	
PageFrame	property	ToolTipText	C		
PageFrame	property	Top	N	0	
PageFrame	property	Visible	L	.T.	
PageFrame	property	WhatsThisHelpID	N	-1	
PageFrame	property	Width	N	375	
PageFrame	property	Application	-		
PageFrame	property	Objects	-		
PageFrame	property	Pages	-		
PageFrame	property	Parent	-		
PageFrame	event	Click			
PageFrame	event	DblClick			
PageFrame	event	Destroy			
PageFrame	event	DragDrop			
PageFrame	event	DragOver			
PageFrame	event	Error			
PageFrame	event	Init			
PageFrame	event	MiddleClick			
PageFrame	event	MouseDown			
PageFrame	event	MouseEnter			
PageFrame	event	MouseLeave			
PageFrame	event	MouseMove			
PageFrame	event	MouseUp			
PageFrame	event	MouseWheel			
PageFrame	event	Moved			
PageFrame	event	OLECompleteDrag			
PageFrame	event	OLEDragDrop			
PageFrame	event	OLEDragOver			
PageFrame	event	OLEGiveFeedback			
PageFrame	event	OLESetData			
PageFrame	event	OLEStartDrag			
PageFrame	event	Resize			
PageFrame	event	RightClick			
PageFrame	event	UIEnable			
PageFrame	method	AddObject			
PageFrame	method	AddProperty			
PageFrame	method	Drag			
PageFrame	method	Move			
PageFrame	method	NEWOBJECT			
PageFrame	method	OLEDrag			
PageFrame	method	ReadExpression			
PageFrame	method	ReadMethod			
PageFrame	method	Refresh			
PageFrame	method	RemoveObject			
PageFrame	method	ResetToDefault			
PageFrame	method	SaveAsClass			
PageFrame	method	SetAll			
PageFrame	method	ShowWhatsThis			
PageFrame	method	WriteExpression			
PageFrame	method	WriteMethod			
PageFrame	method	ZOrder			
Page	class				
Page	property	BackColor	N	15790320	
Page	property	BackStyle	N	1	
Page	property	BaseClass	C	Page	1743
Page	property	Caption	C	Page	
Page	property	Class	C	Page	1743
Page	property	ClassLibrary	C		1743
Page	property	ColorSource	N	4	
Page	property	Comment	C		
Page	property	ControlCount	N	0	1743
Page	property	DragIcon	C		
Page	property	DragMode	N	0	
Page	property	Enabled	L	.T.	
Page	property	FontBold	L	.F.	
Page	property	FontCharSet	N	1	
Page	property	FONTCONDENSE	L	.F.	
Page	property	FONTEXTEND	L	.F.	
Page	property	FontItalic	L	.F.	
Page	property	FontName	C	Arial	
Page	property	FontOutline	L	.F.	
Page	property	FontShadow	L	.F.	
Page	property	FontSize	N	9	
Page	property	FontStrikethru	L	.F.	
Page	property	FontUnderline	L	.F.	
Page	property	ForeColor	N	0	
Page	property	HelpContextID	N	0	
Page	property	MouseIcon	C		
Page	property	MousePointer	N	0	
Page	property	Name	C	Page	
Page	property	OLEDragMode	N	0	
Page	property	OLEDragPicture	C		
Page	property	OLEDropEffects	N	3	
Page	property	OLEDropHasData	N	-1	
Page	property	OLEDropMode	N	0	
Page	property	PageOrder	N	0	
Page	property	ParentClass	C		1743
Page	property	Picture	C		
Page	property	StatusBarText	C		
Page	property	Tag	C		
Page	property	ToolTipText	C		
Page	property	WhatsThisHelpID	N	-1	
Page	property	ActiveControl	-		
Page	property	Application	-		
Page	property	Controls	-		
Page	property	Objects	-		
Page	property	Parent	-		
Page	event	Activate			
Page	event	Click			
Page	event	DblClick			
Page	event	Deactivate			
Page	event	Destroy			
Page	event	DragDrop			
Page	event	DragOver			
Page	event	Error			
Page	event	Init			
Page	event	MiddleClick			
Page	event	MouseDown			
Page	event	MouseEnter			
Page	event	MouseLeave			
Page	event	MouseMove			
Page	event	MouseUp			
Page	event	MouseWheel			
Page	event	OLECompleteDrag			
Page	event	OLEDragDrop			
Page	event	OLEDragOver			
Page	event	OLEGiveFeedback			
Page	event	OLESetData			
Page	event	OLEStartDrag			
Page	event	RightClick			
Page	method	AddObject			
Page	method	AddProperty			
Page	method	Drag			
Page	method	NEWOBJECT			
Page	method	OLEDrag			
Page	method	ReadExpression			
Page	method	ReadMethod			
Page	method	Refresh			
Page	method	RemoveObject			
Page	method	ResetToDefault			
Page	method	SetAll			
Page	method	SetFocus			
Page	method	ShowWhatsThis			
Page	method	WriteExpression			
Page	method	ZOrder			
Grid	class				
Grid	property	ActiveColumn	N	0	1743
Grid	property	ActiveRow	N	0	1743
Grid	property	AllowAddNew	L	.F.	
Grid	property	AllowAutoColumnFit	N	0	
Grid	property	AllowCellSelection	L	.T.	
Grid	property	AllowHeaderSizing	L	.T.	
Grid	property	AllowRowSizing	L	.T.	
Grid	property	Anchor	N	0	
Grid	property	BackColor	N	16777215	
Grid	property	BaseClass	C	Grid	1743
Grid	property	ChildOrder	C		
Grid	property	Class	C	Grid	1743
Grid	property	ClassLibrary	C		1743
Grid	property	ColumnCount	N	-1	
Grid	property	Comment	C		
Grid	property	DeleteMark	L	.T.	
Grid	property	DragIcon	C		
Grid	property	DragMode	N	0	
Grid	property	Enabled	L	.T.	
Grid	property	FontBold	L	.F.	
Grid	property	FontCharSet	N	1	
Grid	property	FONTCONDENSE	L	.F.	
Grid	property	FONTEXTEND	L	.F.	
Grid	property	FontItalic	L	.F.	
Grid	property	FontName	C	Arial	
Grid	property	FontOutline	L	.F.	
Grid	property	FontShadow	L	.F.	
Grid	property	FontSize	N	9	
Grid	property	FontStrikethru	L	.F.	
Grid	property	FontUnderline	L	.F.	
Grid	property	ForeColor	N	0	
Grid	property	GridLineColor	N	0	
Grid	property	GridLines	N	3	
Grid	property	GridLineWidth	N	1	
Grid	property	HeaderHeight	N	19	
Grid	property	Height	N	200	
Grid	property	HelpContextID	N	0	
Grid	property	Highlight	L	.T.	
Grid	property	HighlightBackColor	N	16777215	
Grid	property	HighlightForeColor	N	0	
Grid	property	HighlightRow	L	.T.	
Grid	property	HighlightRowLineWidth	N	1	
Grid	property	HighlightStyle	N	0	
Grid	property	Left	N	0	
Grid	property	LeftColumn	N	1	1743
Grid	property	LinkMaster	C		
Grid	property	LockColumns	N	0	
Grid	property	LockColumnsLeft	N	0	
Grid	property	MemberClass	C		
Grid	property	MemberClassLibrary	C		
Grid	property	MouseIcon	C		
Grid	property	MousePointer	N	0	
Grid	property	Name	C	Grid	
Grid	property	OLEDragMode	N	0	1743
Grid	property	OLEDragPicture	C		
Grid	property	OLEDropEffects	N	3	
Grid	property	OLEDropHasData	N	-1	
Grid	property	OLEDropMode	N	0	
Grid	property	Optimize	L	.F.	
Grid	property	Panel	N	1	
Grid	property	PanelLink	L	.T.	
Grid	property	ParentClass	C		1743
Grid	property	Partition	N	0	
Grid	property	ReadOnly	L	.F.	
Grid	property	RecordMark	L	.T.	
Grid	property	RecordSource	C		
Grid	property	RecordSourceType	N	1	
Grid	property	RelationalExpr	C		
Grid	property	RelativeColumn	N	0	1743
Grid	property	RelativeRow	N	0	1743
Grid	property	RightToLeft	L	.F.	
Grid	property	RowColChange	N	0	1743
Grid	property	RowHeight	N	18	
Grid	property	ScrollBars	N	3	
Grid	property	SelectedItemBackColor	N	16777215	
Grid	property	SelectedItemForeColor	N	0	
Grid	property	SplitBar	L	.T.	1743
Grid	property	StatusBarText	C		
Grid	property	TabIndex	N	0	
Grid	property	TabStop	L	.T.	
Grid	property	Tag	C		
Grid	property	Themes	L	.T.	
Grid	property	ToolTipText	C		
Grid	property	Top	N	0	
Grid	property	Value	N	0	
Grid	property	View	N	0	
Grid	property	Visible	L	.T.	
Grid	property	WhatsThisHelpID	N	-1	
Grid	property	Width	N	320	
Grid	property	Application	-		
Grid	property	Columns	-		
Grid	property	Objects	-		
Grid	property	Parent	-		
Grid	event	AfterRowColChange			
Grid	event	BeforeRowColChange			
Grid	event	Click			
Grid	event	DblClick			
Grid	event	Deleted			
Grid	event	Destroy			
Grid	event	DragDrop			
Grid	event	DragOver			
Grid	event	Error			
Grid	event	Init			
Grid	event	KeyPress			
Grid	event	MiddleClick			
Grid	event	MouseDown			
Grid	event	MouseEnter			
Grid	event	MouseLeave			
Grid	event	MouseMove			
Grid	event	MouseUp			
Grid	event	MouseWheel			
Grid	event	Moved			
Grid	event	OLECompleteDrag			
Grid	event	OLEDragDrop			
Grid	event	OLEDragOver			
Grid	event	OLEGiveFeedback			
Grid	event	OLESetData			
Grid	event	OLEStartDrag			
Grid	event	Resize			
Grid	event	RightClick			
Grid	event	Scrolled			
Grid	event	UIEnable			
Grid	event	Valid			
Grid	event	When			
Grid	method	ActivateCell			
Grid	method	AddColumn			
Grid	method	AddObject			
Grid	method	AddProperty			
Grid	method	AutoFit			
Grid	method	DeleteColumn			
Grid	method	DoScroll			
Grid	method	Drag			
Grid	method	GRIDHITTEST			
Grid	method	Move			
Grid	method	NEWOBJECT			
Grid	method	OLEDrag			
Grid	method	ReadExpression			
Grid	method	ReadMethod			
Grid	method	Refresh			
Grid	method	RemoveObject			
Grid	method	ResetToDefault			
Grid	method	SaveAsClass			
Grid	method	SetAll			
Grid	method	SetFocus			
Grid	method	ShowWhatsThis			
Grid	method	WriteExpression			
Grid	method	WriteMethod			
Grid	method	ZOrder			
Column	class				
Column	property	Alignment	N	3	
Column	property	BackColor	N	16777215	
Column	property	BaseClass	C	Column	1743
Column	property	Bound	L	.T.	
Column	property	Class	C	Column	1743
Column	property	ClassLibrary	C		1743
Column	property	ColumnOrder	N	0	
Column	property	Comment	C		
Column	property	ControlCount	N	0	1743
Column	property	ControlSource	C		
Column	property	CurrentControl	C		
Column	property	DynamicAlignment	C		
Column	property	DynamicBackColor	C		
Column	property	DynamicCurrentControl	C		
Column	property	DynamicFontBold	C		
Column	property	DynamicFontItalic	C		
Column	property	DynamicFontName	C		
Column	property	DynamicFontOutline	C		
Column	property	DynamicFontShadow	C		
Column	property	DynamicFontSize	C		
Column	property	DynamicFontStrikethru	C		
Column	property	DynamicFontUnderline	C		
Column	property	DynamicForeColor	C		
Column	property	DynamicInputMask	C		
Column	property	Enabled	L	.T.	
Column	property	FontBold	L	.F.	
Column	property	FontCharSet	N	1	
Column	property	FONTCONDENSE	L	.F.	
Column	property	FONTEXTEND	L	.F.	
Column	property	FontItalic	L	.F.	
Column	property	FontName	C	Arial	
Column	property	FontOutline	L	.F.	
Column	property	FontShadow	L	.F.	
Column	property	FontSize	N	9	
Column	property	FontStrikethru	L	.F.	
Column	property	FontUnderline	L	.F.	
Column	property	ForeColor	N	0	
Column	property	Format	C		
Column	property	HeaderClass	C		
Column	property	HeaderClassLibrary	C		
Column	property	InputMask	C		
Column	property	MouseIcon	C		
Column	property	MousePointer	N	0	
Column	property	Movable	L	.T.	
Column	property	Name	C	Column	
Column	property	ParentClass	C		1743
Column	property	ReadOnly	L	.F.	
Column	property	Resizable	L	.T.	
Column	property	SelectOnEntry	L	.T.	
Column	property	Sparse	L	.T.	
Column	property	StatusBarText	C		
Column	property	Tag	C		
Column	property	ToolTipText	C		
Column	property	Visible	L	.T.	
Column	property	Width	N	75	
Column	property	Application	-		
Column	property	Controls	-		
Column	property	Objects	-		
Column	property	Parent	-		
Column	event	Destroy			
Column	event	Error			
Column	event	Init			
Column	event	MouseEnter			
Column	event	MouseLeave			
Column	event	MouseMove			
Column	event	MouseWheel			
Column	event	Moved			
Column	event	Resize			
Column	method	AddObject			
Column	method	AddProperty			
Column	method	AutoFit			
Column	method	NEWOBJECT			
Column	method	ReadExpression			
Column	method	ReadMethod			
Column	method	Refresh			
Column	method	RemoveObject			
Column	method	ResetToDefault			
Column	method	SetAll			
Column	method	SetFocus			
Column	method	WriteExpression			
Header	class				
Header	property	Alignment	N	0	
Header	property	BackColor	N	15790320	
Header	property	BaseClass	C	Header	1743
Header	property	Caption	C	Header	
Header	property	Class	C	Header	1743
Header	property	ClassLibrary	C		1743
Header	property	Comment	C		
Header	property	FontBold	L	.F.	
Header	property	FontCharSet	N	1	
Header	property	FONTCONDENSE	L	.F.	
Header	property	FONTEXTEND	L	.F.	
Header	property	FontItalic	L	.F.	
Header	property	FontName	C	Arial	
Header	property	FontOutline	L	.F.	
Header	property	FontShadow	L	.F.	
Header	property	FontSize	N	9	
Header	property	FontStrikethru	L	.F.	
Header	property	FontUnderline	L	.F.	
Header	property	ForeColor	N	0	
Header	property	MouseIcon	C		
Header	property	MousePointer	N	0	
Header	property	Name	C	Header	
Header	property	ParentClass	C		1743
Header	property	Picture	C		
Header	property	StatusBarText	C		
Header	property	Tag	C		
Header	property	ToolTipText	C		
Header	property	WordWrap	L	.F.	
Header	property	Application	-		
Header	property	Parent	-		
Header	event	Click			
Header	event	DblClick			
Header	event	Destroy			
Header	event	Error			
Header	event	Init			
Header	event	MiddleClick			
Header	event	MouseDown			
Header	event	MouseEnter			
Header	event	MouseLeave			
Header	event	MouseMove			
Header	event	MouseUp			
Header	event	MouseWheel			
Header	event	RightClick			
Header	method	AddProperty			
Header	method	ReadExpression			
Header	method	ReadMethod			
Header	method	Refresh			
Header	method	ResetToDefault			
Header	method	WriteExpression			
Image	class				
Image	property	Anchor	N	0	
Image	property	BackStyle	N	1	
Image	property	BaseClass	C	Image	1743
Image	property	BorderColor	N	6579300	
Image	property	BorderStyle	N	0	
Image	property	Class	C	Image	1743
Image	property	ClassLibrary	C		1743
Image	property	ColorSource	N	4	
Image	property	Comment	C		
Image	property	DragIcon	C		
Image	property	DragMode	N	0	
Image	property	Enabled	L	.T.	
Image	property	Height	N	17	
Image	property	HelpContextID	N	0	
Image	property	Left	N	0	
Image	property	MouseIcon	C		
Image	property	MousePointer	N	0	
Image	property	Name	C	Image	
Image	property	OLEDragMode	N	0	
Image	property	OLEDragPicture	C		
Image	property	OLEDropEffects	N	3	
Image	property	OLEDropHasData	N	-1	
Image	property	OLEDropMode	N	0	
Image	property	ParentClass	C		1743
Image	property	Picture	C		
Image	property	PictureVal	C		
Image	property	RotateFlip	N	0	
Image	property	StatusBarText	C		
Image	property	Stretch	N	0	
Image	property	Tag	C		
Image	property	Themes	L	.T.	
Image	property	ToolTipText	C		
Image	property	Top	N	0	
Image	property	Visible	L	.T.	
Image	property	WhatsThisHelpID	N	-1	
Image	property	Width	N	100	
Image	property	Application	-		
Image	property	Parent	-		
Image	event	Click			
Image	event	DblClick			
Image	event	Destroy			
Image	event	DragDrop			
Image	event	DragOver			
Image	event	Error			
Image	event	Init			
Image	event	MiddleClick			
Image	event	MouseDown			
Image	event	MouseEnter			
Image	event	MouseLeave			
Image	event	MouseMove			
Image	event	MouseUp			
Image	event	MouseWheel			
Image	event	OLECompleteDrag			
Image	event	OLEDragDrop			
Image	event	OLEDragOver			
Image	event	OLEGiveFeedback			
Image	event	OLESetData			
Image	event	OLEStartDrag			
Image	event	RightClick			
Image	event	UIEnable			
Image	method	AddProperty			
Image	method	Drag			
Image	method	Move			
Image	method	OLEDrag			
Image	method	ReadExpression			
Image	method	ReadMethod			
Image	method	ResetToDefault			
Image	method	SaveAsClass			
Image	method	ShowWhatsThis			
Image	method	WriteExpression			
Image	method	WriteMethod			
Image	method	ZOrder			
Line	class				
Line	property	Anchor	N	0	
Line	property	BaseClass	C	Line	1743
Line	property	BorderColor	N	6579300	
Line	property	BorderStyle	N	1	
Line	property	BorderWidth	N	1	
Line	property	Class	C	Line	1743
Line	property	ClassLibrary	C		1743
Line	property	ColorSource	N	4	
Line	property	Comment	C		
Line	property	DragIcon	C		
Line	property	DragMode	N	0	
Line	property	DrawMode	N	13	
Line	property	Enabled	L	.T.	
Line	property	Height	N	17	
Line	property	HelpContextID	N	0	
Line	property	Left	N	0	
Line	property	LineSlant	C	\	
Line	property	MouseIcon	C		
Line	property	MousePointer	N	0	
Line	property	Name	C	Line	
Line	property	OLEDragMode	N	0	
Line	property	OLEDragPicture	C		
Line	property	OLEDropEffects	N	3	
Line	property	OLEDropHasData	N	-1	
Line	property	OLEDropMode	N	0	
Line	property	ParentClass	C		1743
Line	property	PolyPoints	C		
Line	property	Rotation	N	0	
Line	property	StatusBarText	C		
Line	property	Tag	C		
Line	property	ToolTipText	C		
Line	property	Top	N	0	
Line	property	Visible	L	.T.	
Line	property	WhatsThisHelpID	N	-1	
Line	property	Width	N	100	
Line	property	Application	-		
Line	property	Parent	-		
Line	event	Click			
Line	event	DblClick			
Line	event	Destroy			
Line	event	DragDrop			
Line	event	DragOver			
Line	event	Error			
Line	event	Init			
Line	event	MiddleClick			
Line	event	MouseDown			
Line	event	MouseEnter			
Line	event	MouseLeave			
Line	event	MouseMove			
Line	event	MouseUp			
Line	event	MouseWheel			
Line	event	OLECompleteDrag			
Line	event	OLEDragDrop			
Line	event	OLEDragOver			
Line	event	OLEGiveFeedback			
Line	event	OLESetData			
Line	event	OLEStartDrag			
Line	event	RightClick			
Line	event	UIEnable			
Line	method	AddProperty			
Line	method	Drag			
Line	method	Move			
Line	method	OLEDrag			
Line	method	ReadExpression			
Line	method	ReadMethod			
Line	method	Refresh			
Line	method	ResetToDefault			
Line	method	SaveAsClass			
Line	method	ShowWhatsThis			
Line	method	WriteExpression			
Line	method	WriteMethod			
Line	method	ZOrder			
Shape	class				
Shape	property	Anchor	N	0	
Shape	property	BackColor	N	15790320	
Shape	property	BackStyle	N	1	
Shape	property	BaseClass	C	Shape	1743
Shape	property	BorderColor	N	6579300	
Shape	property	BorderStyle	N	1	
Shape	property	BorderWidth	N	1	
Shape	property	Class	C	Shape	1743
Shape	property	ClassLibrary	C		1743
Shape	property	ColorScheme	N	1	
Shape	property	ColorSource	N	4	
Shape	property	Comment	C		
Shape	property	Curvature	N	0	
Shape	property	DragIcon	C		
Shape	property	DragMode	N	0	
Shape	property	DrawMode	N	13	
Shape	property	Enabled	L	.T.	
Shape	property	FillColor	N	0	
Shape	property	FillStyle	N	1	
Shape	property	Height	N	17	
Shape	property	HelpContextID	N	0	
Shape	property	Left	N	0	
Shape	property	MouseIcon	C		
Shape	property	MousePointer	N	0	
Shape	property	Name	C	Shape	
Shape	property	OLEDragMode	N	0	
Shape	property	OLEDragPicture	C		
Shape	property	OLEDropEffects	N	3	
Shape	property	OLEDropHasData	N	-1	
Shape	property	OLEDropMode	N	0	
Shape	property	ParentClass	C		1743
Shape	property	PolyPoints	C		
Shape	property	Rotation	N	0	
Shape	property	SpecialEffect	N	1	
Shape	property	StatusBarText	C		
Shape	property	Style	N	0	
Shape	property	Tag	C		
Shape	property	ToolTipText	C		
Shape	property	Top	N	0	
Shape	property	Visible	L	.T.	
Shape	property	WhatsThisHelpID	N	-1	
Shape	property	Width	N	100	
Shape	property	Application	-		
Shape	property	Parent	-		
Shape	event	Click			
Shape	event	DblClick			
Shape	event	Destroy			
Shape	event	DragDrop			
Shape	event	DragOver			
Shape	event	Error			
Shape	event	Init			
Shape	event	MiddleClick			
Shape	event	MouseDown			
Shape	event	MouseEnter			
Shape	event	MouseLeave			
Shape	event	MouseMove			
Shape	event	MouseUp			
Shape	event	MouseWheel			
Shape	event	OLECompleteDrag			
Shape	event	OLEDragDrop			
Shape	event	OLEDragOver			
Shape	event	OLEGiveFeedback			
Shape	event	OLESetData			
Shape	event	OLEStartDrag			
Shape	event	RightClick			
Shape	event	UIEnable			
Shape	method	AddProperty			
Shape	method	Drag			
Shape	method	Move			
Shape	method	OLEDrag			
Shape	method	ReadExpression			
Shape	method	ReadMethod			
Shape	method	Refresh			
Shape	method	ResetToDefault			
Shape	method	SaveAsClass			
Shape	method	ShowWhatsThis			
Shape	method	WriteExpression			
Shape	method	WriteMethod			
Shape	method	ZOrder			
Timer	class				
Timer	property	BaseClass	C	Timer	1743
Timer	property	Class	C	Timer	1743
Timer	property	ClassLibrary	C		1743
Timer	property	Comment	C		
Timer	property	Enabled	L	.T.	
Timer	property	Height	N	17	
Timer	property	Interval	N	0	
Timer	property	Left	N	0	
Timer	property	Name	C	Timer	
Timer	property	ParentClass	C		1743
Timer	property	Tag	C		
Timer	property	Top	N	0	
Timer	property	Width	N	100	
Timer	property	Application	-		
Timer	property	Parent	-		
Timer	event	Destroy			
Timer	event	Error			
Timer	event	Init			
Timer	event	Timer			
Timer	method	AddProperty			
Timer	method	ReadExpression			
Timer	method	ReadMethod			
Timer	method	Reset			
Timer	method	ResetToDefault			
Timer	method	SaveAsClass			
Timer	method	WriteExpression			
Timer	method	WriteMethod			
Custom	class				
Custom	property	BaseClass	C	Custom	1743
Custom	property	Class	C	Custom	1743
Custom	property	ClassLibrary	C		1743
Custom	property	Comment	C		
Custom	property	ControlCount	N	0	1743
Custom	property	Height	N	17	
Custom	property	HelpContextID	N	0	
Custom	property	Left	N	0	
Custom	property	Name	C	Custom	
Custom	property	ParentClass	C		1743
Custom	property	Picture	C		
Custom	property	Tag	C		
Custom	property	Top	N	0	
Custom	property	WhatsThisHelpID	N	-1	
Custom	property	Width	N	100	
Custom	property	Application	-		
Custom	property	Controls	-		
Custom	property	Objects	-		
Custom	property	Parent	-		
Custom	event	Destroy			
Custom	event	Error			
Custom	event	Init			
Custom	method	AddObject			
Custom	method	AddProperty			
Custom	method	NEWOBJECT			
Custom	method	ReadExpression			
Custom	method	ReadMethod			
Custom	method	RemoveObject			
Custom	method	ResetToDefault			
Custom	method	SaveAsClass			
Custom	method	ShowWhatsThis			
Custom	method	WriteExpression			
Custom	method	WriteMethod			
Session	class				
Session	property	BaseClass	C	Session	1743
Session	property	Class	C	Session	1743
Session	property	ClassLibrary	C		1743
Session	property	Comment	C		
Session	property	DataSession	N	2	1743
Session	property	Name	C	Session	
Session	property	ParentClass	C		1743
Session	property	Tag	C		
Session	property	Application	-		
Session	property	DataSessionID	-		
Session	property	Parent	-		
Session	event	Destroy			
Session	event	Error			
Session	event	Init			
Session	method	AddProperty			
Session	method	ReadExpression			
Session	method	ReadMethod			
Session	method	ResetToDefault			
Session	method	WriteExpression			
Collection	class				
Collection	property	BaseClass	C	Collection	1743
Collection	property	Class	C	Collection	1743
Collection	property	ClassLibrary	C		1743
Collection	property	Comment	C		
Collection	property	Count	N	0	1743
Collection	property	KeySort	N	0	
Collection	property	Name	C	Collection	
Collection	property	ParentClass	C		1743
Collection	property	Tag	C		
Collection	property	Application	-		
Collection	property	Parent	-		
Collection	event	Destroy			
Collection	event	Error			
Collection	event	Init			
Collection	method	ADD			
Collection	method	AddProperty			
Collection	method	GetKey			
Collection	method	ITEM			
Collection	method	ReadExpression			
Collection	method	ReadMethod			
Collection	method	REMOVE			
Collection	method	ResetToDefault			
Collection	method	SaveAsClass			
Collection	method	WriteExpression			
Collection	method	WriteMethod			
Exception	class				
Exception	property	BaseClass	C	Exception	1743
Exception	property	Class	C	Exception	1743
Exception	property	ClassLibrary	C		1743
Exception	property	Comment	C		
Exception	property	Details	C		
Exception	property	ErrorNo	N	0	
Exception	property	LineContents	C		
Exception	property	LineNo	N	0	
Exception	property	Message	C		
Exception	property	Name	C	Exception	
Exception	property	ParentClass	C		1743
Exception	property	Procedure	C		
Exception	property	StackLevel	N	0	
Exception	property	Tag	C		
Exception	property	UserValue	C		
Exception	property	Application	-		
Exception	property	Parent	-		
Exception	event	Destroy			
Exception	event	Error			
Exception	event	Init			
Exception	method	AddProperty			
Exception	method	ReadExpression			
Exception	method	ReadMethod			
Exception	method	ResetToDefault			
Exception	method	SaveAsClass			
Exception	method	WriteExpression			
Exception	method	WriteMethod			
Empty	class				
Relation	class				
Relation	property	BaseClass	C	Relation	1743
Relation	property	ChildAlias	C		
Relation	property	ChildOrder	C		
Relation	property	Class	C	Relation	1743
Relation	property	ClassLibrary	C		1743
Relation	property	Comment	C		
Relation	property	Name	C	Relation	
Relation	property	OneToMany	L	.F.	
Relation	property	ParentAlias	C		
Relation	property	ParentClass	C		1743
Relation	property	RelationalExpr	C		
Relation	property	Tag	C		
Relation	property	Application	-		
Relation	property	Parent	-		
Relation	event	Destroy			
Relation	event	Error			
Relation	event	Init			
Relation	method	AddProperty			
Relation	method	ReadExpression			
Relation	method	ReadMethod			
Relation	method	ResetToDefault			
Relation	method	SaveAsClass			
Relation	method	WriteExpression			
Relation	method	WriteMethod			
Cursor	class				
Cursor	property	Alias	C		
Cursor	property	BaseClass	C	Cursor	1743
Cursor	property	BufferModeOverride	N	1	
Cursor	property	Class	C	Cursor	1743
Cursor	property	ClassLibrary	C		1743
Cursor	property	Comment	C		
Cursor	property	CursorSource	C		
Cursor	property	Database	C		
Cursor	property	Exclusive	L	.F.	
Cursor	property	Filter	C		
Cursor	property	Name	C	Cursor	
Cursor	property	NoDataOnLoad	L	.F.	
Cursor	property	Order	C		
Cursor	property	OrderDirection	N	0	
Cursor	property	ParentClass	C		1743
Cursor	property	ReadOnly	L	.F.	
Cursor	property	Tag	C		
Cursor	property	Application	-		
Cursor	property	Parent	-		
Cursor	event	Destroy			
Cursor	event	Error			
Cursor	event	Init			
Cursor	method	AddProperty			
Cursor	method	ReadExpression			
Cursor	method	ReadMethod			
Cursor	method	ResetToDefault			
Cursor	method	SaveAsClass			
Cursor	method	WriteExpression			
Cursor	method	WriteMethod			
DataEnvironment	class				
DataEnvironment	property	AutoCloseTables	L	.T.	1743
DataEnvironment	property	AutoOpenTables	L	.T.	1743
DataEnvironment	property	BaseClass	C	Dataenvironment	1743
DataEnvironment	property	Class	C	Dataenvironment	1743
DataEnvironment	property	ClassLibrary	C		1743
DataEnvironment	property	Comment	C		
DataEnvironment	property	DataSource	X		
DataEnvironment	property	DataSourceType	C		
DataEnvironment	property	InitialSelectedAlias	C		
DataEnvironment	property	Name	C	Dataenvironment	
DataEnvironment	property	OpenViews	N	0	
DataEnvironment	property	ParentClass	C		1743
DataEnvironment	property	Tag	C		
DataEnvironment	property	Application	-		
DataEnvironment	property	Objects	-		
DataEnvironment	property	Parent	-		
DataEnvironment	event	AfterCloseTables			
DataEnvironment	event	BeforeOpenTables			
DataEnvironment	event	Destroy			
DataEnvironment	event	Error			
DataEnvironment	event	Init			
DataEnvironment	method	AddObject			
DataEnvironment	method	AddProperty			
DataEnvironment	method	CloseTables			
DataEnvironment	method	NEWOBJECT			
DataEnvironment	method	OpenTables			
DataEnvironment	method	ReadExpression			
DataEnvironment	method	ReadMethod			
DataEnvironment	method	RemoveObject			
DataEnvironment	method	ResetToDefault			
DataEnvironment	method	SaveAsClass			
DataEnvironment	method	WriteExpression			
DataEnvironment	method	WriteMethod			
Toolbar	class				
Toolbar	property	BackColor	N	15790320	
Toolbar	property	BaseClass	C	Toolbar	1743
Toolbar	property	Caption	C	Toolbar	
Toolbar	property	Class	C	Toolbar	1743
Toolbar	property	ClassLibrary	C		1743
Toolbar	property	ColorSource	N	4	
Toolbar	property	Comment	C		
Toolbar	property	ControlBox	L	.T.	
Toolbar	property	ControlCount	N	0	1743
Toolbar	property	DataSession	N	1	1743
Toolbar	property	DataSessionID	N	1	
Toolbar	property	Docked	L	.F.	1743
Toolbar	property	DockPosition	N	-1	1743
Toolbar	property	Enabled	L	.T.	
Toolbar	property	ForeColor	N	0	
Toolbar	property	Height	N	15	
Toolbar	property	HelpContextID	N	0	
Toolbar	property	KeyPreview	L	.F.	
Toolbar	property	Left	N	0	
Toolbar	property	LockScreen	L	.F.	
Toolbar	property	MouseIcon	C		
Toolbar	property	MousePointer	N	0	
Toolbar	property	Movable	L	.T.	
Toolbar	property	Name	C	Toolbar	
Toolbar	property	OLEDragMode	N	0	
Toolbar	property	OLEDragPicture	C		
Toolbar	property	OLEDropEffects	N	3	
Toolbar	property	OLEDropHasData	N	-1	
Toolbar	property	OLEDropMode	N	0	
Toolbar	property	ParentClass	C		1743
Toolbar	property	ScaleMode	N	3	
Toolbar	property	ShowTips	L	.T.	
Toolbar	property	ShowWindow	N	0	1743
Toolbar	property	Sizable	L	.T.	
Toolbar	property	Tag	C		
Toolbar	property	Themes	L	.T.	
Toolbar	property	Top	N	0	
Toolbar	property	Visible	L	.T.	
Toolbar	property	WhatsThisHelpID	N	-1	
Toolbar	property	Width	N	33	
Toolbar	property	ActiveControl	-		
Toolbar	property	Application	-		
Toolbar	property	Controls	-		
Toolbar	property	hWnd	-		1743
Toolbar	property	Objects	-		
Toolbar	property	Parent	-		
Toolbar	event	Activate			
Toolbar	event	AfterDock			
Toolbar	event	BeforeDock			
Toolbar	event	Click			
Toolbar	event	DblClick			
Toolbar	event	Deactivate			
Toolbar	event	Destroy			
Toolbar	event	DragDrop			
Toolbar	event	DragOver			
Toolbar	event	Error			
Toolbar	event	Init			
Toolbar	event	MiddleClick			
Toolbar	event	MouseDown			
Toolbar	event	MouseMove			
Toolbar	event	MouseUp			
Toolbar	event	MouseWheel			
Toolbar	event	Moved			
Toolbar	event	OLECompleteDrag			
Toolbar	event	OLEDragDrop			
Toolbar	event	OLEDragOver			
Toolbar	event	OLEGiveFeedback			
Toolbar	event	OLESetData			
Toolbar	event	OLEStartDrag			
Toolbar	event	Paint			
Toolbar	event	Resize			
Toolbar	event	RightClick			
Toolbar	event	UnDock			
Toolbar	method	AddObject			
Toolbar	method	AddProperty			
Toolbar	method	Dock			
Toolbar	method	Hide			
Toolbar	method	Move			
Toolbar	method	NEWOBJECT			
Toolbar	method	OLEDrag			
Toolbar	method	ReadExpression			
Toolbar	method	ReadMethod			
Toolbar	method	Refresh			
Toolbar	method	Release			
Toolbar	method	RemoveObject			
Toolbar	method	ResetToDefault			
Toolbar	method	SaveAsClass			
Toolbar	method	SetAll			
Toolbar	method	Show			
Toolbar	method	ShowWhatsThis			
Toolbar	method	WriteExpression			
Toolbar	method	WriteMethod			
Toolbar	method	ZOrder			
Separator	class				
Separator	property	BaseClass	C	Separator	1743
Separator	property	Class	C	Separator	1743
Separator	property	ClassLibrary	C		1743
Separator	property	Comment	C		
Separator	property	Enabled	L	.T.	
Separator	property	Name	C	Separator	
Separator	property	ParentClass	C		1743
Separator	property	Style	N	0	
Separator	property	Tag	C		
Separator	property	Visible	L	.T.	
Separator	property	Application	-		
Separator	property	Parent	-		
Separator	event	Destroy			
Separator	event	Error			
Separator	event	Init			
Separator	method	AddProperty			
Separator	method	ReadExpression			
Separator	method	ReadMethod			
Separator	method	ResetToDefault			
Separator	method	SaveAsClass			
Separator	method	WriteExpression			
Separator	method	WriteMethod			
Separator	method	ZOrder			
Hyperlink	class				
Hyperlink	property	BaseClass	C	Hyperlink	1743
Hyperlink	property	Class	C	Hyperlink	1743
Hyperlink	property	ClassLibrary	C		1743
Hyperlink	property	Comment	C		
Hyperlink	property	Name	C	Hyperlink	
Hyperlink	property	ParentClass	C		1743
Hyperlink	property	Tag	C		
Hyperlink	property	Application	-		
Hyperlink	property	Parent	-		
Hyperlink	event	Destroy			
Hyperlink	event	Error			
Hyperlink	event	Init			
Hyperlink	method	AddProperty			
Hyperlink	method	GOBACK			
Hyperlink	method	GOFORWARD			
Hyperlink	method	NAVIGATETO			
Hyperlink	method	ReadExpression			
Hyperlink	method	ReadMethod			
Hyperlink	method	ResetToDefault			
Hyperlink	method	SaveAsClass			
Hyperlink	method	WriteExpression			
Hyperlink	method	WriteMethod			
CursorAdapter	class				
CursorAdapter	property	ADOCodePage	N	0	
CursorAdapter	property	Alias	C		
CursorAdapter	property	AllowDelete	L	.T.	
CursorAdapter	property	AllowInsert	L	.T.	
CursorAdapter	property	AllowSimultaneousFetch	L	.F.	
CursorAdapter	property	AllowUpdate	L	.T.	
CursorAdapter	property	BaseClass	C	Cursoradapter	1743
CursorAdapter	property	BatchUpdateCount	N	1	
CursorAdapter	property	BreakOnError	L	.F.	
CursorAdapter	property	BufferModeOverride	N	3	
CursorAdapter	property	Class	C	Cursoradapter	1743
CursorAdapter	property	ClassLibrary	C		1743
CursorAdapter	property	Comment	C		
CursorAdapter	property	CompareMemo	L	.T.	
CursorAdapter	property	ConflictCheckCmd	C		
CursorAdapter	property	ConflictCheckType	N	0	
CursorAdapter	property	ConversionFunc	C		
CursorAdapter	property	CursorSchema	C		
CursorAdapter	property	CursorStatus	N	0	1743
CursorAdapter	property	DataSource	X		
CursorAdapter	property	DataSourceType	C		
CursorAdapter	property	DeleteCmd	C		
CursorAdapter	property	DeleteCmdDataSource	X		
CursorAdapter	property	DeleteCmdDataSourceType	C		
CursorAdapter	property	FetchAsNeeded	L	.F.	
CursorAdapter	property	FetchMemo	L	.T.	
CursorAdapter	property	FetchMemoCmdList	C		
CursorAdapter	property	FetchMemoDataSource	X		
CursorAdapter	property	FetchMemoDataSourceType	C		
CursorAdapter	property	FetchSize	N	100	
CursorAdapter	property	Flags	N	0	1743
CursorAdapter	property	InsertCmd	C		
CursorAdapter	property	InsertCmdDataSource	X		
CursorAdapter	property	InsertCmdDataSourceType	C		
CursorAdapter	property	InsertCmdRefreshCmd	C		
CursorAdapter	property	InsertCmdRefreshFieldList	C		
CursorAdapter	property	InsertCmdRefreshKeyFieldList	C		
CursorAdapter	property	KeyFieldList	C		
CursorAdapter	property	MapBinary	L	.F.	
CursorAdapter	property	MapVarchar	L	.F.	
CursorAdapter	property	MaxRecords	N	-1	
CursorAdapter	property	Name	C	Cursoradapter	
CursorAdapter	property	NoData	L	.F.	
CursorAdapter	property	ParentClass	C		1743
CursorAdapter	property	Prepared	L	.F.	
CursorAdapter	property	RefreshAlias	C		1743
CursorAdapter	property	RefreshCmd	C		
CursorAdapter	property	RefreshCmdDataSource	X		
CursorAdapter	property	RefreshCmdDataSourceType	C		
CursorAdapter	property	RefreshIgnoreFieldList	C		
CursorAdapter	property	RefreshTimeStamp	L	.F.	
CursorAdapter	property	SelectCmd	C		
CursorAdapter	property	SendUpdates	L	.T.	
CursorAdapter	property	Tables	C		
CursorAdapter	property	Tag	C		
CursorAdapter	property	TimestampFieldList	C		
CursorAdapter	property	UpdatableFieldList	C		
CursorAdapter	property	UpdateCmd	C		
CursorAdapter	property	UpdateCmdDataSource	X		
CursorAdapter	property	UpdateCmdDataSourceType	C		
CursorAdapter	property	UpdateCmdRefreshCmd	C		
CursorAdapter	property	UpdateCmdRefreshFieldList	C		
CursorAdapter	property	UpdateCmdRefreshKeyFieldList	C		
CursorAdapter	property	UpdateGram	C		1743
CursorAdapter	property	UpdateGramSchemaLocation	C		
CursorAdapter	property	UpdateNameList	C		
CursorAdapter	property	UpdateType	N	1	
CursorAdapter	property	UseCursorSchema	L	.F.	
CursorAdapter	property	UseDeDataSource	L	.F.	
CursorAdapter	property	UseMemoSize	N	255	
CursorAdapter	property	UseTransactions	L	.T.	
CursorAdapter	property	WhereType	N	3	
CursorAdapter	property	Application	-		
CursorAdapter	property	Parent	-		
CursorAdapter	event	AfterCursorAttach			
CursorAdapter	event	AfterCursorClose			
CursorAdapter	event	AfterCursorDetach			
CursorAdapter	event	AfterCursorFill			
CursorAdapter	event	AfterCursorRefresh			
CursorAdapter	event	AfterCursorUpdate			
CursorAdapter	event	AfterDelete			
CursorAdapter	event	AfterInsert			
CursorAdapter	event	AfterRecordRefresh			
CursorAdapter	event	AfterUpdate			
CursorAdapter	event	BeforeCursorAttach			
CursorAdapter	event	BeforeCursorClose			
CursorAdapter	event	BeforeCursorDetach			
CursorAdapter	event	BeforeCursorFill			
CursorAdapter	event	BeforeCursorRefresh			
CursorAdapter	event	BeforeCursorUpdate			
CursorAdapter	event	BeforeDelete			
CursorAdapter	event	BeforeInsert			
CursorAdapter	event	BeforeRecordRefresh			
CursorAdapter	event	BeforeUpdate			
CursorAdapter	event	Destroy			
CursorAdapter	event	Error			
CursorAdapter	event	Init			
CursorAdapter	method	AddProperty			
CursorAdapter	method	AutoOpen			
CursorAdapter	method	CursorAttach			
CursorAdapter	method	CursorDetach			
CursorAdapter	method	CursorFill			
CursorAdapter	method	CursorRefresh			
CursorAdapter	method	ReadExpression			
CursorAdapter	method	ReadMethod			
CursorAdapter	method	RecordRefresh			
CursorAdapter	method	ResetToDefault			
CursorAdapter	method	SaveAsClass			
CursorAdapter	method	WriteExpression			
CursorAdapter	method	WriteMethod			
Control	class				
Control	property	Anchor	N	0	
Control	property	BackColor	N	15790320	
Control	property	BackStyle	N	1	
Control	property	BaseClass	C	Control	1743
Control	property	BorderColor	N	6579300	
Control	property	BorderWidth	N	1	
Control	property	Class	C	Control	1743
Control	property	ClassLibrary	C		1743
Control	property	ColorSource	N	4	
Control	property	Comment	C		
Control	property	ControlCount	N	0	1743
Control	property	DragIcon	C		
Control	property	DragMode	N	0	
Control	property	Enabled	L	.T.	
Control	property	ForeColor	N	0	
Control	property	Height	N	75	
Control	property	HelpContextID	N	0	
Control	property	Left	N	0	
Control	property	MouseIcon	C		
Control	property	MousePointer	N	0	
Control	property	Name	C	Control	
Control	property	OLEDragMode	N	0	
Control	property	OLEDragPicture	C		
Control	property	OLEDropEffects	N	3	
Control	property	OLEDropHasData	N	-1	
Control	property	OLEDropMode	N	0	
Control	property	ParentClass	C		1743
Control	property	Picture	C		
Control	property	SpecialEffect	N	2	
Control	property	StatusBarText	C		
Control	property	Style	N	0	
Control	property	TabIndex	N	0	
Control	property	TabStop	L	.T.	
Control	property	Tag	C		
Control	property	ToolTipText	C		
Control	property	Top	N	0	
Control	property	Visible	L	.T.	
Control	property	WhatsThisHelpID	N	-1	
Control	property	Width	N	75	
Control	property	ActiveControl	-		
Control	property	Application	-		
Control	property	Controls	-		
Control	property	Objects	-		
Control	property	Parent	-		
Control	event	Click			
Control	event	DblClick			
Control	event	Destroy			
Control	event	DragDrop			
Control	event	DragOver			
Control	event	Error			
Control	event	GotFocus			
Control	event	Init			
Control	event	LostFocus			
Control	event	MiddleClick			
Control	event	MouseDown			
Control	event	MouseEnter			
Control	event	MouseLeave			
Control	event	MouseMove			
Control	event	MouseUp			
Control	event	MouseWheel			
Control	event	Moved			
Control	event	OLECompleteDrag			
Control	event	OLEDragDrop			
Control	event	OLEDragOver			
Control	event	OLEGiveFeedback			
Control	event	OLESetData			
Control	event	OLEStartDrag			
Control	event	Resize			
Control	event	RightClick			
Control	event	UIEnable			
Control	method	AddProperty			
Control	method	Drag			
Control	method	Draw			
Control	method	Move			
Control	method	OLEDrag			
Control	method	ReadExpression			
Control	method	ReadMethod			
Control	method	Refresh			
Control	method	ResetToDefault			
Control	method	SaveAsClass			
Control	method	SetFocus			
Control	method	ShowWhatsThis			
Control	method	WriteExpression			
Control	method	WriteMethod			
Control	method	ZOrder			
ProjectHook	class				
ProjectHook	property	BaseClass	C	Projecthook	1743
ProjectHook	property	Class	C	Projecthook	1743
ProjectHook	property	ClassLibrary	C		1743
ProjectHook	property	Comment	C		
ProjectHook	property	Name	C	Projecthook	
ProjectHook	property	OLEDropEffects	N	3	
ProjectHook	property	OLEDropHasData	N	-1	
ProjectHook	property	OLEDropMode	N	1	
ProjectHook	property	ParentClass	C		1743
ProjectHook	property	Tag	C		
ProjectHook	property	Application	-		
ProjectHook	property	Parent	-		
ProjectHook	event	Activate			
ProjectHook	event	AfterBuild			
ProjectHook	event	BeforeBuild			
ProjectHook	event	Deactivate			
ProjectHook	event	Destroy			
ProjectHook	event	Error			
ProjectHook	event	Init			
ProjectHook	event	OLEDragDrop			
ProjectHook	event	OLEDragOver			
ProjectHook	event	OLEGiveFeedback			
ProjectHook	event	QueryAddFile			
ProjectHook	event	QueryModifyFile			
ProjectHook	event	QueryNewFile			
ProjectHook	event	QueryRemoveFile			
ProjectHook	event	QueryRunFile			
ProjectHook	event	SCCDestroy			
ProjectHook	event	SCCInit			
ProjectHook	method	AddProperty			
ProjectHook	method	ReadExpression			
ProjectHook	method	ReadMethod			
ProjectHook	method	ResetToDefault			
ProjectHook	method	SaveAsClass			
ProjectHook	method	WriteExpression			
ProjectHook	method	WriteMethod			
XMLAdapter	class				
XMLAdapter	property	BaseClass	C	Xmladapter	1743
XMLAdapter	property	Class	C	Xmladapter	1743
XMLAdapter	property	ClassLibrary	C		1743
XMLAdapter	property	CodePage	N	0	
XMLAdapter	property	Comment	C		
XMLAdapter	property	DeclareXMLPrefix	L	.F.	
XMLAdapter	property	DisableEncode	L	.F.	
XMLAdapter	property	ForceCloseTag	L	.F.	
XMLAdapter	property	FormattedOutput	L	.T.	
XMLAdapter	property	IsDiffGram	L	.F.	
XMLAdapter	property	IsLoaded	L	.F.	1743
XMLAdapter	property	IXMLDOMElement	X		
XMLAdapter	property	MapBinary	L	.F.	
XMLAdapter	property	MapN19_4ToCurrency	L	.F.	
XMLAdapter	property	MapVarchar	L	.F.	
XMLAdapter	property	Name	C	Xmladapter	
XMLAdapter	property	NoCpTrans	L	.F.	
XMLAdapter	property	ParentClass	C		1743
XMLAdapter	property	PreserveWhiteSpace	L	.F.	
XMLAdapter	property	RespectCursorCP	L	.F.	
XMLAdapter	property	RespectNesting	L	.F.	
XMLAdapter	property	SelectionNamespaces	C		
XMLAdapter	property	SOM	X		
XMLAdapter	property	Tag	C		
XMLAdapter	property	Unicode	L	.F.	
XMLAdapter	property	UseCodePage	L	.F.	
XMLAdapter	property	UTF8Encoded	L	.F.	
XMLAdapter	property	WrapCharInCDATA	L	.F.	
XMLAdapter	property	WrapMemoInCDATA	L	.F.	
XMLAdapter	property	XMLConstraints	X		
XMLAdapter	property	XMLName	C		
XMLAdapter	property	XMLNameIsXPath	L	.F.	
XMLAdapter	property	XMLNamespace	C		
XMLAdapter	property	XMLPrefix	C		
XMLAdapter	property	XMLSchemaLocation	C	1	
XMLAdapter	property	Application	-		
XMLAdapter	property	Parent	-		
XMLAdapter	property	Tables	-		
XMLAdapter	event	Destroy			
XMLAdapter	event	Error			
XMLAdapter	event	Init			
XMLAdapter	method	AddProperty			
XMLAdapter	method	AddTableSchema			
XMLAdapter	method	Attach			
XMLAdapter	method	LoadXML			
XMLAdapter	method	ReadExpression			
XMLAdapter	method	ReadMethod			
XMLAdapter	method	ReleaseXML			
XMLAdapter	method	ResetToDefault			
XMLAdapter	method	SaveAsClass			
XMLAdapter	method	ToXML			
XMLAdapter	method	WriteExpression			
XMLAdapter	method	WriteMethod			
XMLTable	class				
XMLTable	property	Alias	C		
XMLTable	property	BaseClass	C	Xmltable	1743
XMLTable	property	ChildTable	X		
XMLTable	property	Class	C	Xmltable	1743
XMLTable	property	ClassLibrary	C		1743
XMLTable	property	CodePage	N	0	
XMLTable	property	Comment	C		
XMLTable	property	DeclareXMLPrefix	L	.F.	
XMLTable	property	FirstNestedTable	X		
XMLTable	property	Name	C	Xmltable	
XMLTable	property	NestedInto	X		
XMLTable	property	NextSiblingTable	X		
XMLTable	property	ParentClass	C		1743
XMLTable	property	ParentTable	X		
XMLTable	property	Tag	C		
XMLTable	property	XMLAdapter	X		
XMLTable	property	XMLConstraints	X		
XMLTable	property	XMLName	C		
XMLTable	property	XMLNameIsXPath	L	.F.	
XMLTable	property	XMLNamespace	C		
XMLTable	property	XMLPrefix	C		
XMLTable	property	Application	-		
XMLTable	property	Parent	-		
XMLTable	property	Fields	-		
XMLTable	event	Destroy			
XMLTable	event	Error			
XMLTable	event	Init			
XMLTable	method	AddProperty			
XMLTable	method	ApplyDiffgram			
XMLTable	method	ChangesToCursor			
XMLTable	method	Nest			
XMLTable	method	ReadExpression			
XMLTable	method	ReadMethod			
XMLTable	method	ResetToDefault			
XMLTable	method	SaveAsClass			
XMLTable	method	ToCursor			
XMLTable	method	Unnest			
XMLTable	method	WriteExpression			
XMLTable	method	WriteMethod			
XMLField	class				
XMLField	property	Alias	C		
XMLField	property	BaseClass	C	Xmlfield	1743
XMLField	property	Class	C	Xmlfield	1743
XMLField	property	ClassLibrary	C		1743
XMLField	property	CodePage	N	0	
XMLField	property	Comment	C		
XMLField	property	DataType	C		
XMLField	property	DisableEncode	L	.F.	
XMLField	property	FractionDigits	N	-1	
XMLField	property	IsAttribute	L	.F.	
XMLField	property	IsBase64	L	.F.	
XMLField	property	IsBinary	L	.F.	
XMLField	property	IsNull	L	.F.	
XMLField	property	Keyfield	L	.F.	
XMLField	property	MaxLength	N	-1	
XMLField	property	Name	C	Xmlfield	
XMLField	property	NoCpTrans	L	.F.	
XMLField	property	ParentClass	C		1743
XMLField	property	Tag	C		
XMLField	property	Unicode	L	.F.	
XMLField	property	WrapInCDATA	L	.F.	
XMLField	property	XMLName	C		
XMLField	property	XMLNameIsXPath	L	.F.	
XMLField	property	XMLTable	X		
XMLField	property	XMLType	X		
XMLField	property	XSDfractionDigits	C		
XMLField	property	XSDmaxLength	C		
XMLField	property	XSDtotalDigits	C		
XMLField	property	XSDtype	C		
XMLField	property	Application	-		
XMLField	property	Parent	-		
XMLField	event	Destroy			
XMLField	event	Error			
XMLField	event	Init			
XMLField	method	AddProperty			
XMLField	method	ReadExpression			
XMLField	method	ReadMethod			
XMLField	method	ResetToDefault			
XMLField	method	SaveAsClass			
XMLField	method	WriteExpression			
XMLField	method	WriteMethod			
ReportListener	class				
ReportListener	property	AllowModalMessages	L	.F.	
ReportListener	property	BaseClass	C	Reportlistener	1743
ReportListener	property	Class	C	Reportlistener	1743
ReportListener	property	ClassLibrary	C		1743
ReportListener	property	CommandClauses	X		
ReportListener	property	Comment	C		
ReportListener	property	CurrentDataSession	N	1	
ReportListener	property	CurrentPass	N	0	
ReportListener	property	DynamicLineHeight	L	.T.	
ReportListener	property	FRXDataSession	N	-1	
ReportListener	property	GDIPlusGraphics	N	0	1743
ReportListener	property	ListenerType	N	-1	
ReportListener	property	Name	C	Reportlistener	
ReportListener	property	OutputPageCount	N	0	1743
ReportListener	property	OutputType	N	-1	
ReportListener	property	PageNo	N	0	1743
ReportListener	property	PageTotal	N	0	1743
ReportListener	property	ParentClass	C		1743
ReportListener	property	PreviewContainer	X		
ReportListener	property	PrintJobName	C		
ReportListener	property	QuietMode	L	.F.	
ReportListener	property	SendGDIPlusImage	N	0	
ReportListener	property	Tag	C		
ReportListener	property	TwoPassProcess	L	.F.	
ReportListener	property	Application	-		
ReportListener	property	Parent	-		
ReportListener	event	AdjustObjectSize			
ReportListener	event	AfterBand			
ReportListener	event	AfterReport			
ReportListener	event	BeforeBand			
ReportListener	event	BeforeReport			
ReportListener	event	Destroy			
ReportListener	event	Error			
ReportListener	event	EvaluateContents			
ReportListener	event	Init			
ReportListener	event	LoadReport			
ReportListener	event	UnloadReport			
ReportListener	method	AddProperty			
ReportListener	method	CancelReport			
ReportListener	method	ClearStatus			
ReportListener	method	DoMessage			
ReportListener	method	DoStatus			
ReportListener	method	GetPageHeight			
ReportListener	method	GetPageWidth			
ReportListener	method	IncludePageInOutput			
ReportListener	method	OnPreviewClose			
ReportListener	method	OutputPage			
ReportListener	method	ReadExpression			
ReportListener	method	ReadMethod			
ReportListener	method	Render			
ReportListener	method	ResetToDefault			
ReportListener	method	SaveAsClass			
ReportListener	method	SupportsListenerType			
ReportListener	method	UpdateStatus			
ReportListener	method	WriteExpression			
ReportListener	method	WriteMethod			
FormSet	class				
FormSet	property	AutoRelease	L	.F.	
FormSet	property	BaseClass	C	Formset	1743
FormSet	property	BufferMode	N	0	
FormSet	property	Class	C	Formset	1743
FormSet	property	ClassLibrary	C		1743
FormSet	property	Comment	C		
FormSet	property	DataSession	N	1	1743
FormSet	property	DataSessionID	N	1	
FormSet	property	FormCount	N	0	1743
FormSet	property	Name	C	Formset	
FormSet	property	ParentClass	C		1743
FormSet	property	ReadCycle	L	.T.	1743
FormSet	property	ReadLock	L	.T.	1743
FormSet	property	ReadMouse	L	.T.	1743
FormSet	property	ReadSave	L	.F.	1743
FormSet	property	ReadTimeout	N	0	
FormSet	property	Tag	C		
FormSet	property	Visible	L	.T.	
FormSet	property	WindowList	C		
FormSet	property	WindowType	N	0	
FormSet	property	ActiveForm	-		
FormSet	property	Application	-		
FormSet	property	Forms	-		
FormSet	property	Objects	-		
FormSet	property	Parent	-		
FormSet	event	Activate			
FormSet	event	Deactivate			
FormSet	event	Destroy			
FormSet	event	Error			
FormSet	event	Init			
FormSet	event	Load			
FormSet	event	ReadActivate			
FormSet	event	ReadDeactivate			
FormSet	event	ReadShow			
FormSet	event	ReadValid			
FormSet	event	ReadWhen			
FormSet	event	Unload			
FormSet	method	AddObject			
FormSet	method	AddProperty			
FormSet	method	Hide			
FormSet	method	NEWOBJECT			
FormSet	method	ReadExpression			
FormSet	method	ReadMethod			
FormSet	method	Refresh			
FormSet	method	Release			
FormSet	method	RemoveObject			
FormSet	method	ResetToDefault			
FormSet	method	SaveAs			
FormSet	method	SaveAsClass			
FormSet	method	SetAll			
FormSet	method	Show			
FormSet	method	WriteExpression			
FormSet	method	WriteMethod			
Application	class				
Application	property	AutoYield	L	.T.	
Application	property	Caption	C	Microsoft Visual FoxPro	
Application	property	EditorOptions	C	LQKT	
Application	property	FullName	C	C:\Program Files (x86)\Microsoft Visual FoxPro 9\vfp9.exe	1429
Application	property	Height	N	825	
Application	property	LanguageOptions	N	0	
Application	property	Left	N	0	
Application	property	Name	C	Microsoft Visual FoxPro	1429
Application	property	OLERequestPendingTimeout	N	5000	
Application	property	OLEServerBusyRaiseError	L	.F.	
Application	property	OLEServerBusyTimeout	N	10000	
Application	property	ServerName	C	C:\Program Files (x86)\Microsoft Visual FoxPro 9\vfp9.exe	1429
Application	property	StartMode	N	0	1429
Application	property	StatusBar	C		
Application	property	Top	N	0	
Application	property	Version	C	9.0	1429
Application	property	VFPXMLProgID	C		
Application	property	Visible	L	.T.	
Application	property	Width	N	1536	
Application	property	ActiveForm	-		1429
Application	property	ActiveProject	-		1429
Application	property	Application	-		
Application	property	DefaultFilePath	-		
Application	property	Forms	-		
Application	property	hWnd	-		1426
Application	property	Objects	-		
Application	property	Parent	-		
Application	property	PROCESSID	-		1426
Application	property	Projects	-		
Application	property	ThreadID	-		1426
Application	method	DataToClip			
Application	method	DoCmd			
Application	method	Eval			
Application	method	Help			
Application	method	Quit			
Application	method	RequestData			
Application	method	SetVar			
Project	class				
Project	property	AutoIncrement	L	.F.	
Project	property	BaseClass	C	Project	1429
Project	property	Debug	L	.T.	
Project	property	Encrypted	L	.F.	
Project	property	Icon	C		
Project	property	MainClass	C		1429
Project	property	MainFile	C		1429
Project	property	ProjectHook	X		
Project	property	ProjectHookClass	C		
Project	property	ProjectHookLibrary	C		
Project	property	SCCProvider	C		1429
Project	property	ServerHelpFile	C		1426
Project	property	ServerProject	C		1426
Project	property	TypeLibCLSID	C		1426
Project	property	TypeLibDesc	C		1426
Project	property	TypeLibName	C		1429
Project	property	VersionComments	C		
Project	property	VersionCompany	C		
Project	property	VersionCopyright	C		
Project	property	VersionDescription	C		
Project	property	VersionLanguage	C		
Project	property	VersionNumber	C	..	
Project	property	VersionProduct	C		
Project	property	VersionTrademarks	C		
Project	property	Visible	L	.F.	
Project	property	Application	-		
Project	property	BuildDateTime	-		1429
Project	property	Files	-		
Project	property	HomeDir	-		
Project	property	Name	-		1429
Project	property	Parent	-		
Project	property	Servers	-		
Project	method	Build			
Project	method	CleanUp			
Project	method	Close			
Project	method	Refresh			
Project	method	SetMain			
File	class				
File	property	CodePage	N	1252	1429
File	property	Description	C		
File	property	Exclude	L	.F.	
File	property	FileClass	C		1429
File	property	FileClassLibrary	C		1429
File	property	ReadOnly	L	.F.	1429
File	property	SCCStatus	N	0	1426
File	property	Type	C	P	
File	property	Application	-		
File	property	LastModified	-		1429
File	property	Name	-		1429
File	property	Parent	-		
File	method	AddToSCC			
File	method	CheckIn			
File	method	CheckOut			
File	method	GetLatestVersion			
File	method	Modify			
File	method	Remove			
File	method	RemoveFromSCC			
File	method	Run			
File	method	UndoCheckOut			
OleControl	class				
OleControl	property	Anchor	N	0	
OleControl	property	AutoActivate	N	2	
OleControl	property	AutoSize	L	.F.	
OleControl	property	AutoVerbMenu	L	.F.	
OleControl	property	BaseClass	C	Olecontrol	1743
OleControl	property	Class	C	Olecontrol	1743
OleControl	property	ClassLibrary	C		1743
OleControl	property	Comment	C		
OleControl	property	DocumentFile	C		1743
OleControl	property	DragIcon	C		
OleControl	property	DragMode	N	0	
OleControl	property	Enabled	L	.T.	
OleControl	property	Height	N	17	
OleControl	property	HelpContextID	N	0	
OleControl	property	HostName	C		
OleControl	property	Left	N	0	
OleControl	property	MouseIcon	C		
OleControl	property	MousePointer	N	0	
OleControl	property	OLELCID	N	1033	1743
OleControl	property	OLETypeAllowed	N	1	1743
OleControl	property	ParentClass	C		1743
OleControl	property	Sizable	L	.T.	
OleControl	property	Stretch	N	0	
OleControl	property	TabStop	L	.T.	
OleControl	property	Tag	C		
OleControl	property	Top	N	0	
OleControl	property	WhatsThisHelpID	N	0	
OleControl	property	Width	N	100	
OleControl	property	Application	-		
OleControl	property	Name	-		
OleControl	property	OLEClass	-		1743
OleControl	property	Parent	-		
OleControl	property	TabIndex	-		
OleControl	property	Visible	-		
OleControl	event	Destroy			
OleControl	event	DragDrop			
OleControl	event	DragOver			
OleControl	event	Error			
OleControl	event	GotFocus			
OleControl	event	Init			
OleControl	event	LostFocus			
OleControl	event	Moved			
OleControl	event	Resize			
OleControl	event	UIEnable			
OleControl	method	AddProperty			
OleControl	method	DoVerb			
OleControl	method	Drag			
OleControl	method	Move			
OleControl	method	ReadExpression			
OleControl	method	ReadMethod			
OleControl	method	Refresh			
OleControl	method	ResetToDefault			
OleControl	method	SaveAsClass			
OleControl	method	SetFocus			
OleControl	method	ShowWhatsThis			
OleControl	method	WriteExpression			
OleControl	method	WriteMethod			
OleControl	method	ZOrder			
OleBoundControl	class				
OleBoundControl	property	Anchor	N	0	
OleBoundControl	property	AutoActivate	N	2	
OleBoundControl	property	AutoSize	L	.F.	
OleBoundControl	property	AutoVerbMenu	L	.T.	
OleBoundControl	property	BaseClass	C	Oleboundcontrol	1743
OleBoundControl	property	Class	C	Oleboundcontrol	1743
OleBoundControl	property	ClassLibrary	C		1743
OleBoundControl	property	Comment	C		
OleBoundControl	property	ControlSource	C		
OleBoundControl	property	DocumentFile	C		1743
OleBoundControl	property	DragIcon	C		
OleBoundControl	property	DragMode	N	0	
OleBoundControl	property	Enabled	L	.T.	
OleBoundControl	property	Height	N	17	
OleBoundControl	property	HelpContextID	N	0	
OleBoundControl	property	HostName	C		
OleBoundControl	property	Left	N	0	
OleBoundControl	property	MouseIcon	C		
OleBoundControl	property	MousePointer	N	0	
OleBoundControl	property	OLEClass	C		1743
OleBoundControl	property	OLELCID	N	1033	1743
OleBoundControl	property	OLETypeAllowed	N	-1	1743
OleBoundControl	property	ParentClass	C		1743
OleBoundControl	property	Sizable	L	.T.	
OleBoundControl	property	StatusBarText	C		
OleBoundControl	property	Stretch	N	0	
OleBoundControl	property	TabStop	L	.T.	
OleBoundControl	property	Tag	C		
OleBoundControl	property	ToolTipText	C		
OleBoundControl	property	Top	N	0	
OleBoundControl	property	WhatsThisHelpID	N	-1	
OleBoundControl	property	Width	N	100	
OleBoundControl	property	Application	-		
OleBoundControl	property	Name	-		
OleBoundControl	property	Parent	-		
OleBoundControl	property	TabIndex	-		
OleBoundControl	property	Visible	-		
OleBoundControl	event	Destroy			
OleBoundControl	event	DragDrop			
OleBoundControl	event	DragOver			
OleBoundControl	event	Error			
OleBoundControl	event	GotFocus			
OleBoundControl	event	Init			
OleBoundControl	event	LostFocus			
OleBoundControl	event	Moved			
OleBoundControl	event	Resize			
OleBoundControl	event	UIEnable			
OleBoundControl	method	AddProperty			
OleBoundControl	method	DoVerb			
OleBoundControl	method	Drag			
OleBoundControl	method	Move			
OleBoundControl	method	ReadExpression			
OleBoundControl	method	ReadMethod			
OleBoundControl	method	Refresh			
OleBoundControl	method	ResetToDefault			
OleBoundControl	method	SaveAsClass			
OleBoundControl	method	SetFocus			
OleBoundControl	method	ShowWhatsThis			
OleBoundControl	method	WriteExpression			
OleBoundControl	method	WriteMethod			
OleBoundControl	method	ZOrder			
